,County,State,Average Rating,Hospitals,Emergency Services,County Beds,fips
0,LOS ANGELES,CA,2.9027777777777777,90.0,0.5833333333333334,15072.0,6037
1,ORANGE,CA,3.1,28.0,0.9,3054.0,6059
2,SAN BERNARDINO,CA,2.4,22.0,0.9333333333333333,3230.0,6071
3,SAN DIEGO,CA,4.0,21.0,0.9333333333333333,4205.0,6073
4,RIVERSIDE,CA,2.4375,17.0,0.9375,987.0,6065
5,ALAMEDA,CA,3.1818181818181817,16.0,1.0,2480.0,6001
6,SANTA CLARA,CA,3.111111111111111,12.0,1.0,1925.0,6085
7,SACRAMENTO,CA,2.875,12.0,1.0,2503.0,6067
8,SAN FRANCISCO,CA,2.888888888888889,12.0,0.8888888888888888,2599.0,6075
9,KERN,CA,2.125,11.0,0.875,1061.0,6029
10,SONOMA,CA,4.0,9.0,1.0,825.0,6097
11,SAN JOAQUIN,CA,2.857142857142857,8.0,0.8571428571428571,1001.0,6077
12,CONTRA COSTA,CA,3.5714285714285716,8.0,1.0,1222.0,6013
13,VENTURA,CA,3.1666666666666665,8.0,0.8333333333333334,927.0,6111
14,SAN MATEO,CA,3.8,7.0,1.0,1118.0,6081
15,FRESNO,CA,2.4,7.0,0.8,1557.0,6019
16,SOLANO,CA,3.0,6.0,1.0,781.0,6095
17,SANTA BARBARA,CA,3.75,6.0,0.75,809.0,6083
18,STANISLAUS,CA,2.5,5.0,1.0,652.0,6099
19,HUMBOLDT,CA,3.3333333333333335,5.0,1.0,165.0,6023
20,BUTTE,CA,2.75,4.0,1.0,575.0,6007
21,TULARE,CA,1.5,4.0,1.0,,6107
22,MONTEREY,CA,3.5,4.0,1.0,326.0,6053
23,SANTA CRUZ,CA,3.0,4.0,1.0,252.0,6087
24,SHASTA,CA,2.0,4.0,1.0,267.0,6089
25,PLUMAS,CA,,3.0,,,6063
26,PLACER,CA,4.0,3.0,1.0,735.0,6061
27,MARIN,CA,4.0,3.0,1.0,520.0,6041
28,NAPA,CA,3.5,3.0,0.5,352.0,6055
29,MENDOCINO,CA,3.6666666666666665,3.0,1.0,152.0,6045
30,SAN LUIS OBISPO,CA,2.6666666666666665,3.0,1.0,135.0,6079
31,MADERA,CA,1.0,2.0,0.0,454.0,6019
32,NEVADA,CA,3.0,2.0,1.0,124.0,6057
33,INYO,CA,3.0,2.0,1.0,,6027
34,MODOC,CA,,2.0,,26.0,6049
35,SISKIYOU,CA,3.0,2.0,1.0,53.0,6093
36,MERCED,CA,2.0,2.0,1.0,234.0,6047
37,EL DORADO,CA,4.0,2.0,1.0,171.0,6017
38,IMPERIAL,CA,1.5,2.0,1.0,,6025
39,YOLO,CA,3.5,2.0,1.0,170.0,6113
40,LAKE,CA,4.0,2.0,1.0,62.0,6033
41,MONO,CA,,1.0,,,6051
42,LASSEN,CA,4.0,1.0,1.0,38.0,6035
43,COLUSA,CA,,1.0,,,6011
44,KINGS,CA,2.0,1.0,1.0,199.0,6031
45,CALAVERAS,CA,3.0,1.0,0.0,25.0,6009
46,MARIPOSA,CA,3.0,1.0,1.0,,0
47,GLENN,CA,,1.0,,47.0,6021
48,TEHAMA,CA,3.0,1.0,1.0,76.0,6103
49,AMADOR,CA,4.0,1.0,1.0,84.0,6005
50,YUBA,CA,1.0,1.0,1.0,173.0,6115
51,SAN BENITO,CA,2.0,1.0,0.0,,6069
52,SUTTER,CA,,1.0,,14.0,6101
53,TUOLUMNE,CA,3.0,1.0,0.0,143.0,6109
54,TRINITY,CA,,1.0,,,0
55,DEL NORTE,CA,3.0,1.0,1.0,49.0,6015
0,HARRIS,TX,3.217391304347826,47.0,1.0,7569.0,48201
1,DALLAS,TX,3.3125,30.0,0.9375,3868.0,48113
2,TARRANT,TX,3.5625,26.0,0.9375,3366.0,48439
3,BEXAR,TX,3.125,18.0,1.0,3377.0,48029
4,TRAVIS,TX,4.0,17.0,1.0,2462.0,48453
5,COLLIN,TX,3.3333333333333335,14.0,1.0,1000.0,48085
6,EL PASO,TX,2.857142857142857,13.0,1.0,122.0,48141
7,DENTON,TX,3.4285714285714284,13.0,0.8571428571428571,618.0,48121
8,WILLIAMSON,TX,4.0,8.0,1.0,539.0,48491
9,FORT BEND,TX,3.4,7.0,1.0,648.0,48157
10,MONTGOMERY,TX,3.0,7.0,1.0,353.0,48339
11,LUBBOCK,TX,3.0,6.0,1.0,941.0,48303
12,CAMERON,TX,3.75,6.0,1.0,882.0,48061
13,HIDALGO,TX,3.4,6.0,1.0,530.0,48215
14,BRAZOS,TX,3.6666666666666665,5.0,0.6666666666666666,435.0,48041
15,BELL,TX,3.6666666666666665,5.0,1.0,877.0,48027
16,WICHITA,TX,4.5,5.0,0.5,565.0,48485
17,HAYS,TX,4.0,4.0,1.0,315.0,48209
18,NUECES,TX,3.3333333333333335,4.0,0.6666666666666666,1249.0,48355
19,SMITH,TX,4.25,4.0,1.0,1038.0,48423
20,TAYLOR,TX,3.5,3.0,1.0,511.0,48441
21,GREGG,TX,2.0,3.0,1.0,149.0,48203
22,JEFFERSON,TX,2.3333333333333335,3.0,1.0,1149.0,48245
23,JOHNSON,TX,4.0,3.0,1.0,366.0,48251
24,POTTER,TX,3.0,3.0,1.0,492.0,48375
25,GRAYSON,TX,2.0,3.0,1.0,255.0,48181
26,GALVESTON,TX,3.0,3.0,1.0,30.0,48167
27,BRAZORIA,TX,3.5,3.0,1.0,165.0,48039
28,TOM GREEN,TX,4.5,3.0,1.0,401.0,48451
29,CHEROKEE,TX,3.5,3.0,1.0,99.0,48073
30,ANGELINA,TX,3.5,3.0,1.0,271.0,48005
31,COLORADO,TX,4.0,2.0,1.0,40.0,48089
32,JONES,TX,,2.0,,,48253
33,BURNET,TX,4.5,2.0,1.0,71.0,48053
34,YOUNG,TX,3.0,2.0,1.0,,48503
35,VICTORIA,TX,4.5,2.0,1.0,,48469
36,LAVACA,TX,4.0,2.0,1.0,25.0,48123
37,HALE,TX,5.0,2.0,1.0,100.0,48189
38,COOKE,TX,2.0,2.0,1.0,,48097
39,UPTON,TX,,2.0,,,0
40,HOWARD,TX,2.0,2.0,1.0,,48227
41,LIBERTY,TX,,2.0,,,48291
42,HARDEMAN,TX,,2.0,,,0
43,NACOGDOCHES,TX,3.5,2.0,1.0,,48347
44,ELLIS,TX,4.0,2.0,1.0,104.0,48139
45,KERR,TX,3.0,2.0,1.0,145.0,48265
46,MATAGORDA,TX,3.0,2.0,1.0,17.0,48321
47,ECTOR,TX,1.5,2.0,1.0,,48135
48,WEBB,TX,3.5,2.0,1.0,,48479
49,KAUFMAN,TX,3.0,2.0,1.0,91.0,48257
50,MIDLAND,TX,2.0,2.0,1.0,,48329
51,PECOS,TX,,2.0,,,48371
52,WOOD,TX,5.0,2.0,1.0,60.0,48499
53,RUNNELS,TX,,2.0,,,0
54,BOWIE,TX,2.5,2.0,1.0,376.0,48037
55,MC LENNAN,TX,3.0,2.0,1.0,514.0,48309
56,CHAMBERS,TX,,2.0,,,48071
57,WHEELER,TX,,2.0,,,0
58,HUNT,TX,3.0,2.0,1.0,,48231
59,LIMESTONE,TX,3.0,2.0,1.0,,48293
60,WILSON,TX,4.0,1.0,1.0,,48493
61,ATASCOSA,TX,5.0,1.0,1.0,67.0,48013
62,BASTROP,TX,,1.0,,36.0,48021
63,POLK,TX,3.0,1.0,1.0,66.0,48373
64,REAGAN,TX,,1.0,,,0
65,GAINES,TX,,1.0,,,48165
66,FAYETTE,TX,4.0,1.0,1.0,65.0,48149
67,FALLS,TX,,1.0,,44.0,48145
68,CAMP,TX,4.0,1.0,1.0,25.0,48063
69,FLOYD,TX,,1.0,,,48153
70,STEPHENS,TX,4.0,1.0,1.0,,48429
71,SABINE,TX,,1.0,,,48403
72,GILLESPIE,TX,5.0,1.0,1.0,86.0,48171
73,GUADALUPE,TX,2.0,1.0,1.0,,48187
74,KLEBERG,TX,2.0,1.0,1.0,106.0,48273
75,UVALDE,TX,4.0,1.0,1.0,,48463
76,SUTTON,TX,,1.0,,,0
77,SAN PATRICIO,TX,4.0,1.0,1.0,,48409
78,MARTIN,TX,,1.0,,,48317
79,CHILDRESS,TX,4.0,1.0,1.0,,0
80,MADISON,TX,,1.0,,25.0,48313
81,KNOX,TX,,1.0,,,48275
82,ROCKWALL,TX,5.0,1.0,1.0,61.0,48397
83,PARMER,TX,,1.0,,25.0,48369
84,MITCHELL,TX,3.0,1.0,1.0,,48335
85,SCHLEICHER,TX,,1.0,,,0
86,WARD,TX,,1.0,,,0
87,DIMMIT,TX,,1.0,,,48127
88,HOCKLEY,TX,3.0,1.0,1.0,78.0,48219
89,WASHINGTON,TX,3.0,1.0,1.0,99.0,48477
90,BURLESON,TX,,1.0,,25.0,48051
91,MILAM,TX,,1.0,,,48331
92,BOSQUE,TX,4.0,1.0,1.0,,0
93,KARNES,TX,4.0,1.0,1.0,,48255
94,MEDINA,TX,3.0,1.0,1.0,,48325
95,DALLAM,TX,,1.0,,,48111
96,PALO PINTO,TX,2.0,1.0,1.0,,48363
97,GRAY,TX,5.0,1.0,1.0,115.0,48179
98,JASPER,TX,4.0,1.0,1.0,59.0,48241
99,LAMPASAS,TX,3.0,1.0,1.0,25.0,48281
100,WALKER,TX,1.0,1.0,1.0,144.0,48471
101,HOOD,TX,4.0,1.0,1.0,,48221
102,WISE,TX,2.0,1.0,1.0,,48497
103,COLEMAN,TX,1.0,1.0,1.0,,0
104,EASTLAND,TX,4.0,1.0,1.0,,48133
105,HASKELL,TX,,1.0,,,0
106,MOORE,TX,3.0,1.0,1.0,,48341
107,SAN AUGUSTINE,TX,,1.0,,18.0,48405
108,STARR,TX,4.0,1.0,1.0,,48427
109,CONCHO,TX,,1.0,,,48095
110,WHARTON,TX,3.0,1.0,1.0,49.0,48481
111,HOUSTON,TX,,1.0,,,0
112,HANSFORD,TX,,1.0,,,48195
113,FREESTONE,TX,3.0,1.0,1.0,48.0,48161
114,DEAF SMITH,TX,2.0,1.0,1.0,,48117
115,BEE,TX,3.0,1.0,1.0,69.0,48025
116,ERATH,TX,4.0,1.0,1.0,98.0,48143
117,TYLER,TX,3.0,1.0,1.0,,48457
118,TERRY,TX,,1.0,,,48445
119,CULBERSON,TX,,1.0,,,0
120,KIMBLE,TX,,1.0,,,0
121,BROWN,TX,2.0,1.0,1.0,,48049
122,HAMILTON,TX,,1.0,,,48193
123,BAYLOR,TX,4.0,1.0,1.0,,0
124,HEMPHILL,TX,,1.0,,,48211
125,HENDERSON,TX,3.0,1.0,1.0,127.0,48213
126,COCHRAN,TX,,1.0,,,0
127,VAL VERDE,TX,2.0,1.0,1.0,93.0,48465
128,DAWSON,TX,,1.0,,,48115
129,WILBARGER,TX,3.0,1.0,1.0,,48487
130,REEVES,TX,,1.0,,,0
131,HUTCHINSON,TX,,1.0,,,48233
132,SCURRY,TX,3.0,1.0,1.0,,48415
133,JIM WELLS,TX,4.0,1.0,1.0,135.0,48249
134,PANOLA,TX,2.0,1.0,1.0,42.0,48365
135,WINKLER,TX,,1.0,,,48495
136,SOMERVELL,TX,3.0,1.0,1.0,,0
137,LYNN,TX,,1.0,,,48305
138,FANNIN,TX,3.0,1.0,1.0,,48147
139,FISHER,TX,,1.0,,,0
140,GRIMES,TX,,1.0,,25.0,48185
141,CALHOUN,TX,,1.0,,,48057
142,CALDWELL,TX,4.0,1.0,1.0,25.0,48055
143,SWISHER,TX,3.0,1.0,1.0,20.0,48437
144,CROSBY,TX,,1.0,,25.0,48107
145,VAN ZANDT,TX,,1.0,,,48467
146,MONTAGUE,TX,3.0,1.0,1.0,,48337
147,COLLINGSWORTH,TX,,1.0,,,0
148,OCHILTREE,TX,4.0,1.0,1.0,,0
149,CLAY,TX,,1.0,,,48077
150,ANDERSON,TX,2.0,1.0,1.0,,48001
151,CRANE,TX,,1.0,,,48103
152,PARKER,TX,3.0,1.0,1.0,,48367
153,BAILEY,TX,,1.0,,,0
154,LAMB,TX,,1.0,,,48279
155,CASTRO,TX,,1.0,,,48069
156,THROCKMORTON,TX,,1.0,,,0
157,NAVARRO,TX,3.0,1.0,1.0,,48349
158,GONZALES,TX,4.0,1.0,1.0,,48177
159,COMAL,TX,4.0,1.0,1.0,,48091
160,NOLAN,TX,4.0,1.0,1.0,,0
161,MC CULLOCH,TX,,1.0,,25.0,48307
162,JACKSON,TX,,1.0,,,48239
163,BREWSTER,TX,4.0,1.0,1.0,,0
164,ANDREWS,TX,3.0,1.0,1.0,,48003
165,AUSTIN,TX,,1.0,,32.0,48015
166,CORYELL,TX,3.0,1.0,1.0,,48099
167,DE WITT,TX,4.0,1.0,1.0,,48123
168,STONEWALL,TX,,1.0,,,0
169,MAVERICK,TX,3.0,1.0,1.0,,48323
170,LAMAR,TX,2.0,1.0,1.0,,48277
171,REFUGIO,TX,,1.0,,,0
172,HOPKINS,TX,3.0,1.0,1.0,96.0,48223
173,LLANO,TX,3.0,1.0,1.0,30.0,48299
174,YOAKUM,TX,,1.0,,,48501
175,RUSK,TX,2.0,1.0,0.0,158.0,48401
176,JACK,TX,,1.0,,,48237
177,COMANCHE,TX,,1.0,,38.0,48093
178,TITUS,TX,3.0,1.0,1.0,,48449
179,HILL,TX,3.0,1.0,1.0,,48217
180,FRIO,TX,,1.0,,22.0,48163
0,MIAMI-DADE,FL,2.3125,19.0,1.0,2729.0,12086
1,BROWARD,FL,2.5,17.0,0.7857142857142857,714.0,12011
2,PALM BEACH,FL,2.1666666666666665,13.0,1.0,1044.0,12099
3,PINELLAS,FL,2.9,12.0,1.0,2409.0,12103
4,DUVAL,FL,3.5714285714285716,10.0,1.0,2885.0,12031
5,BREVARD,FL,3.0,9.0,1.0,900.0,12009
6,HILLSBOROUGH,FL,3.125,9.0,1.0,2816.0,12057
7,ORANGE,FL,3.6666666666666665,7.0,1.0,4405.0,12095
8,PASCO,FL,3.0,7.0,0.8333333333333334,448.0,12101
9,VOLUSIA,FL,2.2,5.0,0.8,839.0,12127
10,MANATEE,FL,2.0,5.0,1.0,,12081
11,POLK,FL,1.6,5.0,1.0,1452.0,12105
12,LEE,FL,3.25,5.0,1.0,,12071
13,LAKE,FL,2.5,5.0,0.5,930.0,12069
14,SARASOTA,FL,3.75,4.0,1.0,,12115
15,OSCEOLA,FL,2.0,4.0,1.0,,12097
16,SANTA ROSA,FL,3.6666666666666665,4.0,1.0,132.0,12113
17,OKALOOSA,FL,3.0,4.0,1.0,,12091
18,MARION,FL,2.0,3.0,1.0,421.0,12083
19,ESCAMBIA,FL,3.3333333333333335,3.0,1.0,1035.0,12033
20,ST. LUCIE,FL,1.5,3.0,1.0,,12111
21,COLLIER,FL,3.0,3.0,1.0,716.0,12021
22,CHARLOTTE,FL,1.3333333333333333,3.0,1.0,,12015
23,LEON,FL,2.0,3.0,1.0,772.0,12073
24,BAY,FL,2.5,3.0,1.0,323.0,12005
25,HERNANDO,FL,1.5,3.0,1.0,,12053
26,MONROE,FL,4.0,3.0,1.0,50.0,12087
27,SEMINOLE,FL,3.0,2.0,1.0,,12117
28,COLUMBIA,FL,3.0,2.0,1.0,,12023
29,CITRUS,FL,1.5,2.0,1.0,198.0,12017
30,HIGHLANDS,FL,3.0,2.0,0.5,161.0,12055
31,CLAY,FL,3.0,2.0,1.0,64.0,12019
32,MARTIN,FL,1.0,2.0,1.0,344.0,12085
33,WALTON,FL,4.0,2.0,1.0,58.0,12131
34,ALACHUA,FL,2.0,2.0,1.0,996.0,12001
35,INDIAN RIVER,FL,2.5,2.0,1.0,339.0,12061
36,GULF,FL,5.0,1.0,1.0,19.0,12045
37,FLAGLER,FL,3.0,1.0,1.0,99.0,12035
38,JACKSON,FL,3.0,1.0,1.0,,12063
39,HOLMES,FL,4.0,1.0,0.0,20.0,12059
40,DE SOTO,FL,3.0,1.0,1.0,,12027
41,MADISON,FL,,1.0,,25.0,12079
42,UNION,FL,,1.0,,,12125
43,BAKER,FL,3.0,1.0,1.0,25.0,12003
44,BRADFORD,FL,3.0,1.0,1.0,,12007
45,NASSAU,FL,5.0,1.0,1.0,62.0,12089
46,SUWANNEE,FL,3.0,1.0,1.0,,12121
47,TAYLOR,FL,2.0,1.0,1.0,48.0,12123
48,WASHINGTON,FL,,1.0,,,12133
49,HARDEE,FL,5.0,1.0,1.0,25.0,12049
50,GADSDEN,FL,,1.0,,,12039
51,FRANKLIN,FL,,1.0,,,12037
52,LEVY,FL,,1.0,,,12075
53,OKEECHOBEE,FL,2.0,1.0,1.0,,12093
54,CALHOUN,FL,,1.0,,25.0,12013
55,ST. JOHNS,FL,4.0,1.0,1.0,335.0,12109
56,PUTNAM,FL,2.0,1.0,1.0,,12107
57,HENDRY,FL,3.0,1.0,1.0,,12051
0,COOK,IL,2.8444444444444446,58.0,1.0,14979.0,17031
1,DU PAGE,IL,3.8333333333333335,7.0,0.8333333333333334,1657.0,17043
2,MADISON,IL,3.0,6.0,1.0,694.0,17119
3,LAKE,IL,3.6,6.0,0.8,660.0,17097
4,KANE,IL,4.2,6.0,1.0,1175.0,17089
5,ST. CLAIR,IL,3.0,4.0,1.0,804.0,17163
6,SANGAMON,IL,2.0,3.0,1.0,1293.0,17167
7,WILL,IL,3.0,3.0,1.0,885.0,17197
8,RANDOLPH,IL,3.6666666666666665,3.0,1.0,,17157
9,WINNEBAGO,IL,2.3333333333333335,3.0,1.0,1082.0,17201
10,CHAMPAIGN,IL,3.0,3.0,1.0,584.0,17019
11,PEORIA,IL,3.0,3.0,1.0,1520.0,17143
12,LA SALLE,IL,4.666666666666667,3.0,1.0,140.0,17099
13,ROCK ISLAND,IL,2.5,2.0,1.0,220.0,17161
14,JEFFERSON,IL,3.5,2.0,1.0,175.0,17081
15,MACOUPIN,IL,,2.0,,50.0,17117
16,VERMILION,IL,2.0,2.0,1.0,233.0,17183
17,MACON,IL,2.5,2.0,1.0,727.0,17115
18,MC HENRY,IL,4.0,2.0,0.5,202.0,17111
19,SALINE,IL,2.5,2.0,1.0,103.0,17165
20,TAZEWELL,IL,2.0,2.0,1.0,157.0,17179
21,MONTGOMERY,IL,3.5,2.0,1.0,50.0,17135
22,KNOX,IL,3.0,2.0,1.0,166.0,17095
23,BUREAU,IL,3.0,2.0,1.0,90.0,17011
24,DE KALB,IL,4.5,2.0,1.0,119.0,17037
25,UNION,IL,4.0,2.0,1.0,,0
26,WHITESIDE,IL,3.0,2.0,1.0,,17195
27,MARION,IL,4.5,2.0,1.0,125.0,17121
28,KANKAKEE,IL,3.5,2.0,1.0,511.0,17091
29,PERRY,IL,2.5,2.0,1.0,25.0,17145
30,HENRY,IL,4.0,2.0,1.0,25.0,17073
31,MC LEAN,IL,3.5,2.0,1.0,356.0,17113
32,WILLIAMSON,IL,2.0,2.0,1.0,104.0,17199
33,CHRISTIAN,IL,3.5,2.0,1.0,50.0,17021
34,JACKSON,IL,2.5,2.0,1.0,165.0,17077
35,BOND,IL,4.0,1.0,1.0,60.0,17005
36,SCHUYLER,IL,,1.0,,,17169
37,PIATT,IL,,1.0,,16.0,17147
38,CLINTON,IL,5.0,1.0,1.0,96.0,17027
39,DE WITT,IL,,1.0,,,17039
40,IROQUOIS,IL,2.0,1.0,1.0,94.0,17075
41,CLAY,IL,2.0,1.0,1.0,,17025
42,WABASH,IL,5.0,1.0,1.0,,17185
43,COLES,IL,3.0,1.0,1.0,203.0,17029
44,RICHLAND,IL,3.0,1.0,1.0,151.0,17159
45,OGLE,IL,,1.0,,25.0,17141
46,MERCER,IL,4.0,1.0,1.0,22.0,17131
47,MORGAN,IL,4.0,1.0,1.0,93.0,17137
48,HARDIN,IL,,1.0,,25.0,17069
49,JERSEY,IL,5.0,1.0,1.0,,17083
50,LIVINGSTON,IL,4.0,1.0,0.0,81.0,17105
51,ADAMS,IL,4.0,1.0,1.0,312.0,17001
52,MC DONOUGH,IL,2.0,1.0,1.0,,17109
53,CRAWFORD,IL,4.0,1.0,1.0,25.0,17033
54,FULTON,IL,4.0,1.0,1.0,144.0,17057
55,EFFINGHAM,IL,3.0,1.0,1.0,146.0,17049
56,WAYNE,IL,4.0,1.0,1.0,15.0,17191
57,LAWRENCE,IL,,1.0,,25.0,17101
58,GREENE,IL,,1.0,,25.0,17061
59,STEPHENSON,IL,4.0,1.0,1.0,203.0,17177
60,LEE,IL,3.0,1.0,1.0,80.0,17103
61,PIKE,IL,3.0,1.0,1.0,25.0,17149
62,FRANKLIN,IL,3.0,1.0,1.0,,17055
63,HAMILTON,IL,2.0,1.0,1.0,,0
64,FAYETTE,IL,,1.0,,,17051
65,JO DAVIESS,IL,,1.0,,19.0,17085
66,WARREN,IL,4.0,1.0,1.0,23.0,17187
67,GRUNDY,IL,4.0,1.0,1.0,89.0,17063
68,MASSAC,IL,3.0,1.0,1.0,,17127
69,HANCOCK,IL,4.0,1.0,1.0,48.0,17067
70,FORD,IL,,1.0,,25.0,17053
71,WASHINGTON,IL,,1.0,,,17189
72,SHELBY,IL,4.0,1.0,1.0,30.0,17173
73,WOODFORD,IL,3.0,1.0,1.0,18.0,17203
74,EDGAR,IL,4.0,1.0,1.0,15.0,17045
75,LOGAN,IL,4.0,1.0,1.0,15.0,17107
76,MASON,IL,4.0,1.0,1.0,,17125
0,NEW YORK,NY,3.0,16.0,1.0,7607.0,36061
1,SUFFOLK,NY,2.5,14.0,1.0,2496.0,36103
2,KINGS,NY,1.4166666666666667,13.0,0.9166666666666666,3344.0,36047
3,WESTCHESTER,NY,2.3333333333333335,11.0,1.0,2158.0,36119
4,NASSAU,NY,2.7,10.0,1.0,4256.0,36059
5,ERIE,NY,2.3333333333333335,9.0,1.0,2190.0,36029
6,BRONX,NY,1.1666666666666667,7.0,1.0,2516.0,36005
7,QUEENS,NY,1.1666666666666667,7.0,1.0,1509.0,36081
8,ST. LAWRENCE,NY,3.75,6.0,1.0,269.0,36089
9,MONROE,NY,2.0,6.0,1.0,1839.0,36055
10,ORANGE,NY,3.5,6.0,1.0,895.0,36071
11,ROCKLAND,NY,1.5,5.0,1.0,644.0,36087
12,ONONDAGA,NY,2.0,4.0,1.0,897.0,36067
13,ALBANY,NY,1.6666666666666667,4.0,1.0,1361.0,36001
14,ONEIDA,NY,1.3333333333333333,4.0,1.0,733.0,36065
15,ULSTER,NY,2.5,3.0,1.0,407.0,36111
16,RENSSELAER,NY,2.5,3.0,1.0,454.0,36083
17,NIAGARA,NY,2.0,3.0,1.0,498.0,36063
18,DELAWARE,NY,3.0,3.0,1.0,72.0,36025
19,CHEMUNG,NY,2.0,3.0,1.0,391.0,36015
20,RICHMOND,NY,1.0,3.0,1.0,1187.0,36085
21,BROOME,NY,2.0,3.0,1.0,767.0,36007
22,JEFFERSON,NY,3.0,3.0,1.0,336.0,36045
23,ONTARIO,NY,2.3333333333333335,3.0,1.0,399.0,36069
24,CHAUTAUQUA,NY,2.5,3.0,1.0,157.0,36013
25,STEUBEN,NY,3.6666666666666665,3.0,0.6666666666666666,288.0,36101
26,MADISON,NY,3.5,2.0,1.0,126.0,36053
27,FRANKLIN,NY,2.0,2.0,1.0,171.0,36033
28,SULLIVAN,NY,2.0,2.0,1.0,179.0,36105
29,ALLEGANY,NY,1.0,2.0,1.0,90.0,36003
30,OTSEGO,NY,1.5,2.0,1.0,240.0,36077
31,SARATOGA,NY,4.0,2.0,1.0,171.0,36091
32,DUTCHESS,NY,2.5,2.0,1.0,433.0,36027
33,SCHENECTADY,NY,1.0,2.0,1.0,483.0,36093
34,OSWEGO,NY,3.0,1.0,1.0,132.0,36075
35,MONTGOMERY,NY,3.0,1.0,1.0,149.0,36057
36,CATTARAUGUS,NY,2.0,1.0,1.0,186.0,36009
37,CLINTON,NY,4.0,1.0,1.0,300.0,36019
38,COLUMBIA,NY,1.0,1.0,1.0,124.0,36021
39,PUTNAM,NY,4.0,1.0,1.0,164.0,36079
40,SCHOHARIE,NY,,1.0,,,36095
41,FULTON,NY,3.0,1.0,1.0,74.0,36035
42,CHENANGO,NY,2.0,1.0,1.0,58.0,36017
43,CAYUGA,NY,1.0,1.0,1.0,99.0,36011
44,ESSEX,NY,,1.0,,15.0,36031
45,LIVINGSTON,NY,2.0,1.0,1.0,72.0,36051
46,CORTLAND,NY,3.0,1.0,1.0,181.0,36023
47,YATES,NY,3.0,1.0,1.0,35.0,36123
48,WAYNE,NY,2.0,1.0,1.0,120.0,36117
49,WYOMING,NY,3.0,1.0,1.0,,36121
50,WARREN,NY,2.0,1.0,1.0,442.0,36113
51,TOMPKINS,NY,2.0,1.0,1.0,212.0,36109
52,HERKIMER,NY,,1.0,,25.0,36043
53,ORLEANS,NY,3.0,1.0,1.0,34.0,36073
54,LEWIS,NY,3.0,1.0,1.0,,36049
55,GENESEE,NY,3.0,1.0,1.0,166.0,36037
56,SCHUYLER,NY,,1.0,,25.0,36097
0,PHILADELPHIA,PA,2.4615384615384617,22.0,0.9230769230769231,5387.0,42101
1,ALLEGHENY,PA,3.066666666666667,18.0,1.0,6661.0,42003
2,MONTGOMERY,PA,3.125,15.0,1.0,2308.0,42091
3,BUCKS,PA,3.2,8.0,1.0,1052.0,42017
4,YORK,PA,2.6666666666666665,5.0,1.0,888.0,42133
5,CHESTER,PA,3.4,5.0,1.0,420.0,42029
6,BERKS,PA,4.0,5.0,1.0,879.0,42011
7,WASHINGTON,PA,3.6666666666666665,4.0,1.0,574.0,42125
8,DELAWARE,PA,2.25,4.0,1.0,1578.0,42045
9,LANCASTER,PA,4.0,4.0,1.0,799.0,42071
10,MERCER,PA,3.3333333333333335,4.0,1.0,492.0,42085
11,NORTHAMPTON,PA,4.333333333333333,4.0,1.0,710.0,42095
12,WESTMORELAND,PA,3.6666666666666665,4.0,1.0,762.0,42129
13,ERIE,PA,3.0,4.0,1.0,935.0,42049
14,LACKAWANNA,PA,2.0,4.0,1.0,857.0,42069
15,LUZERNE,PA,2.3333333333333335,4.0,1.0,426.0,42079
16,LYCOMING,PA,4.333333333333333,3.0,1.0,283.0,42081
17,LEHIGH,PA,3.5,3.0,1.0,1012.0,42077
18,SOMERSET,PA,3.5,3.0,1.0,185.0,42111
19,CUMBERLAND,PA,3.5,3.0,1.0,315.0,42041
20,BRADFORD,PA,3.0,3.0,1.0,432.0,42015
21,BLAIR,PA,3.6666666666666665,3.0,1.0,500.0,42013
22,DAUPHIN,PA,4.0,3.0,0.5,717.0,42043
23,COLUMBIA,PA,4.0,2.0,1.0,72.0,42037
24,CLARION,PA,2.0,2.0,1.0,82.0,42031
25,MONROE,PA,3.5,2.0,1.0,311.0,42089
26,SCHUYLKILL,PA,3.0,2.0,1.0,288.0,42107
27,JEFFERSON,PA,3.5,2.0,1.0,84.0,42065
28,WARREN,PA,2.0,2.0,1.0,85.0,42123
29,SUSQUEHANNA,PA,3.0,2.0,1.0,50.0,42115
30,MONTOUR,PA,3.0,2.0,1.0,530.0,42093
31,CLEARFIELD,PA,2.0,2.0,1.0,339.0,42033
32,CARBON,PA,2.0,2.0,1.0,229.0,42025
33,CRAWFORD,PA,3.5,2.0,1.0,228.0,42039
34,LAWRENCE,PA,2.5,2.0,1.0,237.0,42073
35,FAYETTE,PA,2.5,2.0,1.0,254.0,42051
36,CLINTON,PA,4.0,2.0,1.0,21.0,42035
37,CENTRE,PA,5.0,2.0,1.0,260.0,42027
38,CAMBRIA,PA,1.5,2.0,1.0,516.0,42021
39,LEBANON,PA,3.0,2.0,1.0,196.0,42075
40,FRANKLIN,PA,5.0,2.0,1.0,313.0,42055
41,MC KEAN,PA,3.0,1.0,1.0,31.0,42083
42,NORTHUMBERLND,PA,3.0,1.0,0.0,,0
43,TIOGA,PA,4.0,1.0,1.0,25.0,42117
44,MIFFLIN,PA,4.0,1.0,1.0,123.0,42087
45,UNION,PA,4.0,1.0,1.0,132.0,42119
46,INDIANA,PA,3.0,1.0,1.0,164.0,42063
47,POTTER,PA,4.0,1.0,1.0,59.0,42105
48,GREENE,PA,3.0,1.0,1.0,69.0,42059
49,BEAVER,PA,4.0,1.0,1.0,361.0,42007
50,ADAMS,PA,4.0,1.0,1.0,76.0,42001
51,HUNTINGDON,PA,4.0,1.0,1.0,100.0,42061
52,ARMSTRONG,PA,3.0,1.0,1.0,154.0,42005
53,WAYNE,PA,4.0,1.0,1.0,112.0,42127
54,FULTON,PA,4.0,1.0,1.0,21.0,42057
55,ELK,PA,4.0,1.0,1.0,35.0,42047
56,BUTLER,PA,4.0,1.0,1.0,296.0,42019
57,BEDFORD,PA,3.0,1.0,1.0,95.0,42009
58,VENANGO,PA,4.0,1.0,1.0,173.0,42121
59,WYOMING,PA,5.0,1.0,1.0,60.0,42131
0,CUYAHOGA,OH,4.066666666666666,18.0,0.8,6004.0,39035
1,FRANKLIN,OH,3.5714285714285716,16.0,1.0,3542.0,39049
2,HAMILTON,OH,3.7142857142857144,13.0,0.8571428571428571,4292.0,39061
3,LUCAS,OH,3.2857142857142856,9.0,0.8571428571428571,2036.0,39095
4,SUMMIT,OH,3.6666666666666665,7.0,1.0,2209.0,39153
5,MONTGOMERY,OH,4.5,7.0,1.0,2284.0,39113
6,ASHTABULA,OH,4.0,5.0,1.0,413.0,39007
7,MAHONING,OH,3.6666666666666665,5.0,0.6666666666666666,693.0,39099
8,LORAIN,OH,4.0,5.0,0.75,868.0,39093
9,BUTLER,OH,3.5,5.0,1.0,837.0,39017
10,STARK,OH,3.3333333333333335,4.0,1.0,1535.0,39151
11,ALLEN,OH,3.0,4.0,0.5,737.0,39003
12,GREENE,OH,3.5,3.0,1.0,330.0,39057
13,SENECA,OH,3.5,3.0,1.0,135.0,39147
14,RICHLAND,OH,3.3333333333333335,3.0,1.0,409.0,39139
15,TUSCARAWAS,OH,5.0,3.0,1.0,245.0,39157
16,CLARK,OH,3.0,3.0,1.0,254.0,39023
17,DEFIANCE,OH,4.0,3.0,1.0,58.0,39039
18,LAKE,OH,3.0,2.0,1.0,399.0,39085
19,COLUMBIANA,OH,4.0,2.0,1.0,396.0,39029
20,WARREN,OH,4.0,2.0,1.0,328.0,39165
21,SANDUSKY,OH,3.5,2.0,1.0,249.0,39143
22,GUERNSEY,OH,3.0,2.0,1.0,221.0,39059
23,WASHINGTON,OH,3.5,2.0,1.0,229.0,39167
24,ATHENS,OH,3.0,2.0,1.0,114.0,39009
25,MEDINA,OH,4.0,2.0,1.0,177.0,39103
26,VAN WERT,OH,3.0,2.0,1.0,120.0,39161
27,HIGHLAND,OH,3.0,2.0,1.0,25.0,39071
28,TRUMBULL,OH,2.0,2.0,1.0,722.0,39155
29,WILLIAMS,OH,4.0,2.0,1.0,105.0,39171
30,WAYNE,OH,4.0,2.0,1.0,25.0,39169
31,BELMONT,OH,2.0,2.0,1.0,186.0,39013
32,SCIOTO,OH,3.0,2.0,0.0,247.0,39145
33,HURON,OH,4.0,2.0,1.0,127.0,39077
34,CRAWFORD,OH,3.0,2.0,0.5,50.0,39033
35,LOGAN,OH,4.0,1.0,1.0,115.0,39091
36,ASHLAND,OH,3.0,1.0,0.0,123.0,39005
37,GEAUGA,OH,4.0,1.0,1.0,126.0,39055
38,FAYETTE,OH,3.0,1.0,1.0,,39047
39,LICKING,OH,3.0,1.0,1.0,227.0,39089
40,MARION,OH,3.0,1.0,1.0,389.0,39101
41,DARKE,OH,5.0,1.0,1.0,92.0,39037
42,GALLIA,OH,2.0,1.0,1.0,287.0,39053
43,KNOX,OH,3.0,1.0,1.0,166.0,39083
44,MERCER,OH,5.0,1.0,0.0,,39107
45,HARRISON,OH,,1.0,,25.0,39067
46,MUSKINGUM,OH,4.0,1.0,1.0,298.0,39119
47,PIKE,OH,4.0,1.0,1.0,25.0,39131
48,UNION,OH,4.0,1.0,1.0,,39159
49,COSHOCTON,OH,3.0,1.0,1.0,165.0,39031
50,WOOD,OH,3.0,1.0,1.0,168.0,39173
51,AUGLAIZE,OH,4.0,1.0,1.0,113.0,39011
52,WYANDOT,OH,3.0,1.0,1.0,,39175
53,PICKAWAY,OH,2.0,1.0,1.0,,39129
54,OTTAWA,OH,5.0,1.0,1.0,15.0,39123
55,ERIE,OH,4.0,1.0,1.0,400.0,39043
56,CLERMONT,OH,4.0,1.0,0.0,157.0,39025
57,MIAMI,OH,3.0,1.0,1.0,178.0,39109
58,PORTAGE,OH,4.0,1.0,1.0,302.0,39133
59,HOLMES,OH,5.0,1.0,1.0,55.0,39075
60,JACKSON,OH,3.0,1.0,1.0,25.0,39079
61,HARDIN,OH,4.0,1.0,1.0,25.0,39065
62,LAWRENCE,OH,,1.0,,,39087
63,FULTON,OH,4.0,1.0,1.0,35.0,39051
64,HENRY,OH,4.0,1.0,1.0,25.0,39069
65,FAIRFIELD,OH,4.0,1.0,1.0,250.0,39045
66,ADAMS,OH,2.0,1.0,1.0,,39001
67,MADISON,OH,3.0,1.0,1.0,107.0,39097
68,JEFFERSON,OH,3.0,1.0,0.0,519.0,39081
69,ROSS,OH,4.0,1.0,1.0,261.0,39141
70,CLINTON,OH,1.0,1.0,1.0,,39027
71,HANCOCK,OH,4.0,1.0,1.0,239.0,39063
72,HOCKING,OH,3.0,1.0,1.0,,39073
73,DELAWARE,OH,4.0,1.0,1.0,130.0,39041
74,MORROW,OH,4.0,1.0,1.0,,39117
75,SHELBY,OH,3.0,1.0,1.0,71.0,39149
76,CHAMPAIGN,OH,3.0,1.0,1.0,25.0,39021
77,PAULDING,OH,,1.0,,,39125
0,WAYNE,MI,2.5714285714285716,18.0,0.9285714285714286,6394.0,26163
1,OAKLAND,MI,3.6666666666666665,14.0,1.0,3395.0,26125
2,MACOMB,MI,2.3333333333333335,6.0,1.0,986.0,26099
3,KENT,MI,3.3333333333333335,5.0,1.0,1072.0,26081
4,WASHTENAW,MI,4.666666666666667,5.0,1.0,588.0,26161
5,MONTCALM,MI,3.5,4.0,0.5,201.0,26117
6,TUSCOLA,MI,4.0,3.0,1.0,50.0,26157
7,HURON,MI,5.0,3.0,1.0,106.0,26063
8,KALAMAZOO,MI,4.0,3.0,1.0,752.0,26077
9,ST. CLAIR,MI,3.6666666666666665,3.0,0.6666666666666666,350.0,26147
10,GENESEE,MI,1.6666666666666667,3.0,1.0,778.0,26049
11,SANILAC,MI,4.0,3.0,1.0,65.0,26151
12,SAGINAW,MI,2.0,3.0,1.0,891.0,26145
13,OTTAWA,MI,4.666666666666667,3.0,0.6666666666666666,331.0,26139
14,HOUGHTON,MI,4.5,2.0,1.0,61.0,26061
15,CALHOUN,MI,4.5,2.0,1.0,298.0,26025
16,INGHAM,MI,3.5,2.0,1.0,980.0,26065
17,EATON,MI,3.5,2.0,1.0,50.0,26045
18,CLINTON,MI,3.0,2.0,1.0,25.0,26037
19,MARQUETTE,MI,3.0,2.0,1.0,314.0,26103
20,BERRIEN,MI,4.0,2.0,1.0,375.0,26021
21,VAN BUREN,MI,3.5,2.0,1.0,107.0,26159
22,LIVINGSTON,MI,5.0,2.0,1.0,199.0,26093
23,LENAWEE,MI,4.0,2.0,1.0,113.0,26091
24,ST. JOSEPH,MI,3.0,2.0,0.5,154.0,26149
25,ISABELLA,MI,3.0,1.0,1.0,151.0,26073
26,MUSKEGON,MI,5.0,1.0,1.0,154.0,26121
27,DICKINSON,MI,4.0,1.0,1.0,,26043
28,ONTONAGON,MI,,1.0,,25.0,26131
29,SCHOOLCRAFT,MI,4.0,1.0,1.0,25.0,26153
30,ARENAC,MI,5.0,1.0,1.0,25.0,26011
31,IOSCO,MI,4.0,1.0,1.0,60.0,26069
32,GOGEBIC,MI,4.0,1.0,1.0,25.0,26053
33,IONIA,MI,4.0,1.0,1.0,25.0,26067
34,BARRY,MI,,1.0,,,26015
35,DELTA,MI,4.0,1.0,1.0,25.0,26041
36,SHIAWASSEE,MI,4.0,1.0,0.0,115.0,26155
37,BARAGA,MI,2.0,1.0,1.0,,0
38,ALGER,MI,,1.0,,25.0,26003
39,EMMET,MI,5.0,1.0,1.0,243.0,26047
40,GRAND TRAVERSE,MI,5.0,1.0,1.0,377.0,26055
41,CLARE,MI,4.0,1.0,0.0,64.0,26035
42,IRON,MI,5.0,1.0,1.0,25.0,26071
43,OGEMAW,MI,5.0,1.0,1.0,88.0,26129
44,KALKASKA,MI,4.0,1.0,1.0,,26079
45,GLADWIN,MI,4.0,1.0,1.0,25.0,26051
46,CASS,MI,,1.0,,25.0,26027
47,LAPEER,MI,3.0,1.0,1.0,183.0,26087
48,LUCE,MI,4.0,1.0,1.0,,26095
49,CRAWFORD,MI,4.0,1.0,1.0,90.0,26039
50,MANISTEE,MI,3.0,1.0,1.0,25.0,26101
51,MONROE,MI,2.0,1.0,1.0,217.0,26115
52,JACKSON,MI,3.0,1.0,1.0,412.0,26075
53,BAY,MI,3.0,1.0,1.0,387.0,26017
54,CHARLEVOIX,MI,4.0,1.0,1.0,25.0,26029
55,OSCEOLA,MI,4.0,1.0,1.0,25.0,26133
56,ALPENA,MI,2.0,1.0,1.0,150.0,26007
57,CHIPPEWA,MI,3.0,1.0,1.0,82.0,26033
58,MECOSTA,MI,4.0,1.0,1.0,74.0,26107
59,WEXFORD,MI,5.0,1.0,1.0,117.0,26165
60,ALLEGAN,MI,3.0,1.0,1.0,25.0,26005
61,GRATIOT,MI,3.0,1.0,1.0,142.0,26057
62,MASON,MI,3.0,1.0,1.0,81.0,26105
63,OCEANA,MI,,1.0,,24.0,26127
64,MIDLAND,MI,2.0,1.0,1.0,230.0,26111
65,BRANCH,MI,3.0,1.0,1.0,,26023
66,NEWAYGO,MI,4.0,1.0,1.0,61.0,26123
67,BENZIE,MI,,1.0,,8.0,26019
68,HILLSDALE,MI,3.0,1.0,1.0,86.0,26059
69,OTSEGO,MI,3.0,1.0,0.0,53.0,26137
70,MACKINAC,MI,,1.0,,15.0,26097
0,MARION,IN,3.7142857142857144,13.0,1.0,3647.0,18097
1,LAKE,IN,3.6666666666666665,11.0,0.8888888888888888,2022.0,18089
2,ALLEN,IN,2.75,7.0,1.0,649.0,18003
3,HAMILTON,IN,4.6,5.0,1.0,409.0,18057
4,TIPPECANOE,IN,3.5,4.0,1.0,377.0,18157
5,MARSHALL,IN,3.0,4.0,1.0,82.0,18099
6,VIGO,IN,2.5,4.0,1.0,318.0,18167
7,ST. JOSEPH,IN,3.0,4.0,1.0,764.0,18141
8,HENDRICKS,IN,4.5,3.0,1.0,127.0,18063
9,MONROE,IN,4.0,3.0,1.0,297.0,18105
10,ELKHART,IN,3.5,3.0,1.0,420.0,18039
11,VANDERBURGH,IN,3.5,3.0,1.0,972.0,18163
12,WARRICK,IN,5.0,3.0,1.0,35.0,18173
13,MADISON,IN,3.3333333333333335,3.0,1.0,357.0,18095
14,HOWARD,IN,3.5,2.0,1.0,329.0,18067
15,JEFFERSON,IN,5.0,2.0,1.0,86.0,18077
16,LAWRENCE,IN,3.5,2.0,1.0,50.0,18093
17,FLOYD,IN,2.0,2.0,1.0,211.0,18043
18,KOSCIUSKO,IN,3.0,2.0,1.0,,18085
19,PORTER,IN,4.0,2.0,1.0,,18127
20,DE KALB,IN,3.0,2.0,1.0,45.0,18033
21,GRANT,IN,4.0,2.0,1.0,99.0,18053
22,DEARBORN,IN,4.0,2.0,1.0,,18029
23,DELAWARE,IN,4.0,2.0,1.0,379.0,18035
24,CASS,IN,4.0,2.0,1.0,,18017
25,LA PORTE,IN,3.5,2.0,1.0,537.0,18091
26,CLARK,IN,2.0,2.0,1.0,,18019
27,WAYNE,IN,4.0,2.0,1.0,223.0,18177
28,JOHNSON,IN,3.0,2.0,1.0,,18081
29,DECATUR,IN,3.0,1.0,1.0,,18031
30,WHITE,IN,4.0,1.0,1.0,25.0,18181
31,GREENE,IN,4.0,1.0,1.0,,18055
32,WASHINGTON,IN,,1.0,,25.0,18175
33,STARKE,IN,3.0,1.0,1.0,53.0,18149
34,JAY,IN,3.0,1.0,1.0,,18075
35,BOONE,IN,4.0,1.0,1.0,,18011
36,MIAMI,IN,4.0,1.0,1.0,,18103
37,FAYETTE,IN,4.0,1.0,1.0,105.0,18041
38,RANDOLPH,IN,4.0,1.0,1.0,25.0,18135
39,PUTNAM,IN,3.0,1.0,1.0,,18133
40,CLINTON,IN,4.0,1.0,1.0,25.0,18023
41,KNOX,IN,4.0,1.0,1.0,,18083
42,PULASKI,IN,3.0,1.0,1.0,,18131
43,CLAY,IN,3.0,1.0,1.0,25.0,18021
44,BLACKFORD,IN,4.0,1.0,1.0,15.0,18009
45,RUSH,IN,4.0,1.0,1.0,,18139
46,TIPTON,IN,4.0,1.0,1.0,25.0,18159
47,JASPER,IN,3.0,1.0,1.0,46.0,18073
48,HARRISON,IN,3.0,1.0,1.0,,18061
49,MORGAN,IN,5.0,1.0,1.0,82.0,18109
50,LAGRANGE,IN,4.0,1.0,1.0,25.0,18087
51,GIBSON,IN,3.0,1.0,1.0,25.0,18051
52,DUBOIS,IN,5.0,1.0,1.0,123.0,18037
53,JENNINGS,IN,4.0,1.0,1.0,19.0,18079
54,JACKSON,IN,5.0,1.0,1.0,,18071
55,WHITLEY,IN,3.0,1.0,1.0,30.0,18183
56,FULTON,IN,4.0,1.0,1.0,,18049
57,HENRY,IN,3.0,1.0,1.0,,18065
58,STEUBEN,IN,3.0,1.0,1.0,25.0,18151
59,SULLIVAN,IN,3.0,1.0,1.0,,18153
60,BARTHOLOMEW,IN,3.0,1.0,1.0,,18005
61,VERMILLION,IN,3.0,1.0,1.0,25.0,18165
62,PERRY,IN,2.0,1.0,1.0,,18123
63,HUNTINGTON,IN,4.0,1.0,1.0,36.0,18069
64,FRANKLIN,IN,4.0,1.0,1.0,25.0,18137
65,SHELBY,IN,4.0,1.0,1.0,,18145
66,ORANGE,IN,,1.0,,25.0,18117
67,ADAMS,IN,4.0,1.0,1.0,,18001
68,SCOTT,IN,3.0,1.0,1.0,,18143
69,WARREN,IN,4.0,1.0,1.0,16.0,18171
70,NOBLE,IN,4.0,1.0,1.0,31.0,18113
71,WELLS,IN,4.0,1.0,1.0,,18179
72,WABASH,IN,4.0,1.0,1.0,50.0,18169
73,DAVIESS,IN,4.0,1.0,1.0,,18027
74,HANCOCK,IN,4.0,1.0,1.0,,18059
75,MONTGOMERY,IN,3.0,1.0,1.0,103.0,18107
0,MILWAUKEE,WI,3.0,11.0,1.0,3525.0,55079
1,BROWN,WI,4.25,7.0,1.0,1055.0,55009
2,WAUKESHA,WI,4.5,6.0,1.0,859.0,55133
3,DANE,WI,4.75,5.0,1.0,913.0,55025
4,WINNEBAGO,WI,4.0,4.0,1.0,308.0,55139
5,FOND DU LAC,WI,4.0,4.0,1.0,181.0,55039
6,ROCK,WI,3.0,4.0,1.0,575.0,55105
7,EAU CLAIRE,WI,4.5,4.0,1.0,648.0,55035
8,POLK,WI,4.0,3.0,1.0,73.0,55095
9,GRANT,WI,4.5,3.0,1.0,65.0,55043
10,SAUK,WI,4.0,3.0,1.0,161.0,55111
11,ST. CROIX,WI,5.0,3.0,1.0,75.0,55109
12,CHIPPEWA,WI,3.6666666666666665,3.0,1.0,256.0,55017
13,MARATHON,WI,3.0,3.0,1.0,407.0,55073
14,WOOD,WI,3.0,3.0,1.0,603.0,55141
15,BARRON,WI,3.3333333333333335,3.0,1.0,129.0,55005
16,DODGE,WI,3.5,2.0,1.0,220.0,55027
17,OCONTO,WI,3.0,2.0,1.0,19.0,55083
18,LINCOLN,WI,3.5,2.0,1.0,43.0,55069
19,WAUPACA,WI,3.5,2.0,1.0,40.0,55087
20,WASHINGTON,WI,4.5,2.0,1.0,192.0,55131
21,TREMPEALEAU,WI,,2.0,,43.0,55121
22,COLUMBIA,WI,3.0,2.0,1.0,98.0,55021
23,MONROE,WI,4.0,2.0,1.0,40.0,55081
24,VERNON,WI,4.0,2.0,1.0,50.0,55123
25,WASHBURN,WI,2.0,2.0,1.0,25.0,55129
26,WALWORTH,WI,4.5,2.0,1.0,124.0,55127
27,OZAUKEE,WI,4.5,2.0,1.0,180.0,55089
28,SHEBOYGAN,WI,4.0,2.0,1.0,370.0,55117
29,VILAS,WI,4.5,2.0,1.0,134.0,55085
30,KENOSHA,WI,4.0,2.0,1.0,454.0,55059
31,LA CROSSE,WI,4.5,2.0,1.0,670.0,55063
32,RACINE,WI,2.5,2.0,1.0,676.0,55101
33,MANITOWOC,WI,3.5,2.0,1.0,236.0,55071
34,OUTAGAMIE,WI,4.0,2.0,1.0,492.0,55087
35,JACKSON,WI,4.0,1.0,1.0,25.0,55053
36,CALUMET,WI,,1.0,,29.0,55015
37,SAWYER,WI,4.0,1.0,1.0,25.0,55113
38,MARINETTE,WI,5.0,1.0,1.0,99.0,55075
39,DOUGLAS,WI,4.0,1.0,1.0,15.0,55031
40,RICHLAND,WI,4.0,1.0,1.0,25.0,55103
41,ONEIDA,WI,4.0,1.0,1.0,99.0,55085
42,WAUSHARA,WI,,1.0,,25.0,55137
43,TAYLOR,WI,4.0,1.0,1.0,15.0,55119
44,SHAWANO,WI,3.0,1.0,1.0,25.0,55115
45,LAFAYETTE,WI,,1.0,,,55065
46,DOOR,WI,5.0,1.0,1.0,25.0,55029
47,CRAWFORD,WI,4.0,1.0,1.0,25.0,55023
48,IOWA,WI,5.0,1.0,1.0,25.0,55049
49,GREEN,WI,5.0,1.0,1.0,100.0,55045
50,ASHLAND,WI,4.0,1.0,1.0,25.0,55003
51,PIERCE,WI,4.0,1.0,1.0,25.0,55093
52,BURNETT,WI,,1.0,,25.0,55013
53,ADAMS,WI,,1.0,,25.0,55001
54,PRICE,WI,3.0,1.0,1.0,15.0,55099
55,LANGLADE,WI,4.0,1.0,1.0,25.0,55067
56,GREEN LAKE,WI,3.0,1.0,1.0,25.0,55047
57,RUSK,WI,3.0,1.0,1.0,,55107
58,PORTAGE,WI,5.0,1.0,1.0,181.0,55097
59,JUNEAU,WI,4.0,1.0,1.0,40.0,55057
60,JEFFERSON,WI,5.0,1.0,1.0,82.0,55055
61,CLARK,WI,,1.0,,25.0,55019
62,DUNN,WI,5.0,1.0,1.0,25.0,55033
63,PEPIN,WI,,1.0,,25.0,55091
0,FULTON,GA,2.5714285714285716,9.0,1.0,3909.0,13121
1,DE KALB,GA,2.0,6.0,1.0,1445.0,13089
2,CHATHAM,GA,2.0,5.0,1.0,1144.0,13051
3,RICHMOND,GA,2.3333333333333335,5.0,1.0,551.0,13245
4,GWINNETT,GA,3.0,4.0,1.0,463.0,13121
5,MUSCOGEE,GA,2.0,4.0,0.6666666666666666,893.0,13215
6,COBB,GA,3.0,3.0,1.0,1015.0,13067
7,BIBB,GA,2.6666666666666665,3.0,1.0,637.0,13021
8,COWETA,GA,2.5,2.0,0.5,143.0,13077
9,LIBERTY,GA,3.0,2.0,1.0,,13179
10,FLOYD,GA,4.0,2.0,1.0,284.0,13115
11,CLAYTON,GA,2.0,2.0,1.0,376.0,13063
12,CLARKE,GA,3.0,2.0,1.0,511.0,13059
13,WALTON,GA,1.0,2.0,1.0,,13297
14,HOUSTON,GA,3.5,2.0,1.0,225.0,13153
15,LOWNDES,GA,4.0,2.0,1.0,,13185
16,CARROLL,GA,3.0,2.0,1.0,222.0,13045
17,GLYNN,GA,2.0,2.0,1.0,300.0,13127
18,COLQUITT,GA,3.0,2.0,1.0,,13071
19,HENRY,GA,2.0,1.0,1.0,122.0,13151
20,JENKINS,GA,,1.0,,,13165
21,MITCHELL,GA,,1.0,,25.0,13205
22,DECATUR,GA,3.0,1.0,1.0,,13087
23,UPSON,GA,2.0,1.0,1.0,119.0,13293
24,BALDWIN,GA,3.0,1.0,1.0,140.0,13009
25,THOMAS,GA,4.0,1.0,1.0,264.0,13275
26,BURKE,GA,,1.0,,,13033
27,WAYNE,GA,3.0,1.0,1.0,,13305
28,PEACH,GA,4.0,1.0,1.0,25.0,13225
29,TOOMBS,GA,2.0,1.0,1.0,87.0,13279
30,HABERSHAM,GA,3.0,1.0,1.0,,13137
31,CHEROKEE,GA,2.0,1.0,1.0,84.0,13057
32,JACKSON,GA,3.0,1.0,1.0,90.0,13157
33,JEFF DAVIS,GA,3.0,1.0,1.0,,13161
34,EFFINGHAM,GA,,1.0,,25.0,13103
35,PULASKI,GA,3.0,1.0,1.0,55.0,13235
36,FRANKLIN,GA,3.0,1.0,1.0,56.0,13119
37,JASPER,GA,,1.0,,17.0,13159
38,UNION,GA,5.0,1.0,1.0,45.0,13291
39,BARROW,GA,3.0,1.0,1.0,,13013
40,FAYETTE,GA,2.0,1.0,1.0,100.0,13113
41,BULLOCH,GA,2.0,1.0,1.0,,13031
42,POLK,GA,,1.0,,25.0,13233
43,CANDLER,GA,,1.0,,,13043
44,MORGAN,GA,,1.0,,,13211
45,GORDON,GA,4.0,1.0,1.0,69.0,13129
46,HALL,GA,3.0,1.0,1.0,461.0,13139
47,RANDOLPH,GA,,1.0,,,13243
48,BACON,GA,3.0,1.0,1.0,25.0,13005
49,GREENE,GA,4.0,1.0,1.0,25.0,13133
50,PICKENS,GA,4.0,1.0,1.0,35.0,13227
51,WASHINGTON,GA,3.0,1.0,1.0,,13303
52,JEFFERSON,GA,4.0,1.0,1.0,,13163
53,SUMTER,GA,2.0,1.0,1.0,143.0,13261
54,BROOKS,GA,,1.0,,25.0,13027
55,STEPHENS,GA,3.0,1.0,1.0,99.0,13257
56,TIFT,GA,3.0,1.0,1.0,,13277
57,CLINCH,GA,,1.0,,,13065
58,SPALDING,GA,2.0,1.0,1.0,160.0,13255
59,MURRAY,GA,4.0,1.0,1.0,42.0,13213
60,CHATTAHOOCHEE,GA,,1.0,,,13053
61,TATTNALL,GA,,1.0,,,13267
62,BARTOW,GA,3.0,1.0,1.0,,13015
63,SEMINOLE,GA,3.0,1.0,1.0,65.0,13253
64,MILLER,GA,3.0,1.0,1.0,,13201
65,IRWIN,GA,,1.0,,,13155
66,CAMDEN,GA,4.0,1.0,1.0,40.0,13039
67,LANIER,GA,,1.0,,25.0,13173
68,NEWTON,GA,2.0,1.0,1.0,90.0,13217
69,COFFEE,GA,1.0,1.0,1.0,88.0,13069
70,WORTH,GA,,1.0,,25.0,13321
71,WILKES,GA,4.0,1.0,1.0,,13317
72,DOOLY,GA,,1.0,,,13093
73,DODGE,GA,3.0,1.0,1.0,,13091
74,MONROE,GA,,1.0,,,13207
75,MC DUFFIE,GA,3.0,1.0,1.0,47.0,13189
76,PAULDING,GA,4.0,1.0,1.0,83.0,13223
77,LAURENS,GA,4.0,1.0,1.0,,13175
78,RABUN,GA,,1.0,,,13241
79,SCREVEN,GA,,1.0,,,13251
80,FORSYTH,GA,5.0,1.0,1.0,78.0,13117
81,WARE,GA,3.0,1.0,1.0,237.0,13299
82,BEN HILL,GA,3.0,1.0,1.0,,13017
83,MERIWETHER,GA,,1.0,,25.0,13199
84,CATOOSA,GA,,1.0,,179.0,13047
85,BLECKLEY,GA,,1.0,,,13023
86,EARLY,GA,,1.0,,,13099
87,WHITFIELD,GA,4.0,1.0,1.0,282.0,13313
88,BUTTS,GA,,1.0,,25.0,13035
89,APPLING,GA,,1.0,,,13001
90,ELBERT,GA,3.0,1.0,1.0,,13105
91,EVANS,GA,4.0,1.0,1.0,49.0,13109
92,EMANUEL,GA,5.0,1.0,1.0,,13107
93,TOWNS,GA,4.0,1.0,1.0,25.0,13281
94,COOK,GA,,1.0,,,13075
95,HARALSON,GA,4.0,1.0,1.0,25.0,13143
96,DOUGHERTY,GA,1.0,1.0,1.0,691.0,13095
97,GRADY,GA,3.0,1.0,1.0,60.0,13131
98,DOUGLAS,GA,4.0,1.0,1.0,108.0,13097
99,TROUP,GA,2.0,1.0,1.0,276.0,13285
100,CRISP,GA,3.0,1.0,1.0,65.0,13081
101,FANNIN,GA,4.0,1.0,1.0,,13111
102,PUTNAM,GA,3.0,1.0,1.0,,13237
103,ROCKDALE,GA,1.0,1.0,0.0,,13247
104,BERRIEN,GA,,1.0,,,13019
0,MECKLENBURG,NC,3.8333333333333335,8.0,1.0,1054.0,37119
1,WAKE,NC,4.0,6.0,1.0,1477.0,37183
2,FORSYTH,NC,3.0,4.0,1.0,1933.0,37067
3,DURHAM,NC,4.5,3.0,1.0,1410.0,37063
4,ONSLOW,NC,2.0,3.0,1.0,,37133
5,BRUNSWICK,NC,3.0,3.0,1.0,60.0,37019
6,GRANVILLE,NC,3.0,3.0,1.0,,37077
7,IREDELL,NC,2.6666666666666665,3.0,1.0,105.0,37097
8,WAYNE,NC,2.0,2.0,1.0,316.0,37191
9,CATAWBA,NC,2.5,2.0,1.0,,37035
10,HALIFAX,NC,1.0,2.0,1.0,226.0,37083
11,GUILFORD,NC,4.5,2.0,1.0,1586.0,37081
12,HARNETT,NC,4.0,2.0,1.0,108.0,37085
13,SWAIN,NC,,2.0,,48.0,37173
14,CUMBERLAND,NC,3.0,2.0,1.0,600.0,37051
15,CLEVELAND,NC,4.0,2.0,1.0,,37045
16,HENDERSON,NC,4.5,2.0,1.0,103.0,37089
17,BURKE,NC,4.0,2.0,1.0,204.0,37023
18,DAVIDSON,NC,3.0,2.0,1.0,243.0,37057
19,MACON,NC,3.5,2.0,1.0,50.0,37113
20,BUNCOMBE,NC,5.0,2.0,1.0,735.0,37021
21,NEW HANOVER,NC,3.0,2.0,1.0,,37129
22,SURRY,NC,4.0,2.0,1.0,81.0,37171
23,AVERY,NC,3.0,1.0,1.0,40.0,37011
24,EDGECOMBE,NC,4.0,1.0,1.0,83.0,37065
25,MONTGOMERY,NC,,1.0,,25.0,37123
26,WILSON,NC,2.0,1.0,1.0,317.0,37195
27,CABARRUS,NC,2.0,1.0,1.0,,37025
28,ROWAN,NC,2.0,1.0,1.0,308.0,37159
29,RANDOLPH,NC,2.0,1.0,1.0,145.0,37151
30,GASTON,NC,2.0,1.0,1.0,442.0,37071
31,HAYWOOD,NC,4.0,1.0,1.0,,37087
32,CRAVEN,NC,4.0,1.0,1.0,,37049
33,ALAMANCE,NC,3.0,1.0,1.0,238.0,37001
34,JOHNSTON,NC,4.0,1.0,1.0,,37101
35,SAMPSON,NC,3.0,1.0,1.0,,37163
36,ROCKINGHAM,NC,2.0,1.0,1.0,108.0,37157
37,LINCOLN,NC,5.0,1.0,1.0,,37109
38,UNION,NC,2.0,1.0,1.0,,37179
39,POLK,NC,4.0,1.0,1.0,35.0,37149
40,DAVIE,NC,5.0,1.0,1.0,81.0,37059
41,LENOIR,NC,2.0,1.0,1.0,235.0,37107
42,STOKES,NC,,1.0,,49.0,37169
43,PITT,NC,2.0,1.0,1.0,909.0,37147
44,WATAUGA,NC,5.0,1.0,1.0,,37189
45,WILKES,NC,4.0,1.0,1.0,120.0,37193
46,DUPLIN,NC,4.0,1.0,1.0,101.0,37061
47,BEAUFORT,NC,3.0,1.0,1.0,142.0,37013
48,WASHINGTON,NC,,1.0,,,37187
49,DARE,NC,4.0,1.0,1.0,19.0,37055
50,MOORE,NC,4.0,1.0,1.0,395.0,37125
51,CHOWAN,NC,3.0,1.0,1.0,25.0,37041
52,STANLY,NC,2.0,1.0,1.0,109.0,37167
53,VANCE,NC,2.0,1.0,1.0,102.0,37181
54,CARTERET,NC,2.0,1.0,1.0,,37031
55,ASHE,NC,4.0,1.0,1.0,76.0,37009
56,CHEROKEE,NC,3.0,1.0,1.0,50.0,37039
57,JACKSON,NC,2.0,1.0,1.0,86.0,37099
58,BERTIE,NC,5.0,1.0,1.0,15.0,37015
59,CHATHAM,NC,,1.0,,68.0,37037
60,PASQUOTANK,NC,2.0,1.0,1.0,182.0,37139
61,CALDWELL,NC,3.0,1.0,1.0,110.0,37027
62,COLUMBUS,NC,2.0,1.0,1.0,166.0,37047
63,MARTIN,NC,3.0,1.0,1.0,,37117
64,TRANSYLVANIA,NC,4.0,1.0,1.0,25.0,37175
65,ALLEGHANY,NC,2.0,1.0,1.0,25.0,37005
66,HOKE,NC,4.0,1.0,1.0,41.0,37093
67,PENDER,NC,,1.0,,,37141
68,LEE,NC,2.0,1.0,1.0,,37105
69,PERSON,NC,2.0,1.0,1.0,50.0,37145
70,ORANGE,NC,3.0,1.0,1.0,,37135
71,MC DOWELL,NC,4.0,1.0,1.0,65.0,37111
72,NASH,NC,1.0,1.0,1.0,,37127
73,BLADEN,NC,3.0,1.0,1.0,35.0,37017
74,RUTHERFORD,NC,3.0,1.0,1.0,143.0,37161
75,SCOTLAND,NC,3.0,1.0,1.0,104.0,37165
76,ANSON,NC,,1.0,,,37007
77,MITCHELL,NC,4.0,1.0,1.0,85.0,37121
78,ROBESON,NC,3.0,1.0,1.0,314.0,37155
79,HERTFORD,NC,3.0,1.0,1.0,124.0,37091
0,JACKSON,MO,3.2222222222222223,11.0,1.0,1955.0,29095
1,ST. LOUIS,MO,3.111111111111111,11.0,1.0,4459.0,29189
2,ST. LOUIS CITY,MO,2.0,6.0,1.0,2408.0,29510
3,ST. CHARLES,MO,3.25,5.0,1.0,645.0,29183
4,GREENE,MO,3.0,4.0,1.0,1458.0,29077
5,CLAY,MO,3.5,4.0,1.0,,29047
6,ST. FRANCOIS,MO,4.0,3.0,1.0,136.0,29187
7,JASPER,MO,3.0,3.0,1.0,738.0,29097
8,CAMDEN,MO,2.0,2.0,1.0,99.0,29029
9,COLE,MO,3.5,2.0,1.0,302.0,29051
10,JEFFERSON,MO,4.0,2.0,1.0,420.0,29099
11,CAPE GIRARDEAU,MO,2.5,2.0,1.0,545.0,29031
12,BOONE,MO,3.5,2.0,1.0,394.0,29019
13,FRANKLIN,MO,4.0,2.0,1.0,235.0,29055
14,BUCHANAN,MO,3.0,2.0,1.0,353.0,29021
15,BARRY,MO,4.0,2.0,1.0,43.0,29009
16,CASS,MO,4.0,2.0,1.0,,29037
17,HOWELL,MO,2.0,2.0,1.0,145.0,29091
18,BUTLER,MO,1.0,2.0,1.0,,29023
19,HENRY,MO,3.0,2.0,1.0,,29083
20,SALINE,MO,3.0,2.0,1.0,60.0,29195
21,CALLAWAY,MO,,2.0,,,29027
22,RANDOLPH,MO,3.0,1.0,1.0,,29175
23,GENTRY,MO,,1.0,,25.0,29075
24,RAY,MO,4.0,1.0,1.0,,29177
25,NODAWAY,MO,4.0,1.0,1.0,90.0,29147
26,POLK,MO,2.0,1.0,0.0,,29167
27,PUTNAM,MO,,1.0,,,0
28,SCOTLAND,MO,3.0,1.0,1.0,,29199
29,PETTIS,MO,3.0,1.0,1.0,,29159
30,MADISON,MO,,1.0,,,29123
31,CLINTON,MO,2.0,1.0,1.0,49.0,29049
32,PLATTE,MO,3.0,1.0,1.0,147.0,29165
33,CARROLL,MO,3.0,1.0,1.0,25.0,29033
34,STODDARD,MO,2.0,1.0,1.0,50.0,29207
35,VERNON,MO,4.0,1.0,1.0,,29217
36,GASCONADE,MO,,1.0,,,29073
37,LINCOLN,MO,4.0,1.0,1.0,25.0,29113
38,MARION,MO,2.0,1.0,1.0,91.0,29127
39,ST. CLAIR,MO,,1.0,,,29185
40,ADAIR,MO,4.0,1.0,1.0,,29001
41,LACLEDE,MO,4.0,1.0,1.0,48.0,29105
42,LAWRENCE,MO,3.0,1.0,1.0,25.0,29109
43,WASHINGTON,MO,2.0,1.0,1.0,,29221
44,DENT,MO,3.0,1.0,1.0,,0
45,LAFAYETTE,MO,3.0,1.0,1.0,,29107
46,ATCHISON,MO,4.0,1.0,1.0,25.0,29005
47,STE. GENEVIEVE,MO,4.0,1.0,1.0,,29186
48,GRUNDY,MO,4.0,1.0,1.0,25.0,29079
49,TANEY,MO,4.0,1.0,1.0,99.0,29213
50,BATES,MO,4.0,1.0,1.0,,29013
51,CEDAR,MO,,1.0,,,29039
52,LIVINGSTON,MO,3.0,1.0,1.0,25.0,29117
53,PHELPS,MO,3.0,1.0,1.0,,29161
54,BARTON,MO,4.0,1.0,1.0,,0
55,PERRY,MO,4.0,1.0,1.0,25.0,29157
56,NEWTON,MO,3.0,1.0,1.0,25.0,29145
57,PULASKI,MO,,1.0,,,29169
58,PIKE,MO,3.0,1.0,1.0,,29163
59,AUDRAIN,MO,3.0,1.0,1.0,201.0,29007
60,TEXAS,MO,2.0,1.0,1.0,,29215
61,PEMISCOT,MO,2.0,1.0,1.0,102.0,29155
62,SCOTT,MO,2.0,1.0,1.0,188.0,29143
63,LINN,MO,4.0,1.0,1.0,25.0,29115
64,COOPER,MO,3.0,1.0,1.0,,29053
65,IRON,MO,,1.0,,,29093
66,HARRISON,MO,4.0,1.0,1.0,,29081
67,MACON,MO,,1.0,,,29121
68,JOHNSON,MO,3.0,1.0,1.0,,29101
69,SULLIVAN,MO,,1.0,,,0
0,SHELBY,TN,2.4,11.0,1.0,3229.0,47157
1,DAVIDSON,TN,3.125,10.0,1.0,2306.0,47037
2,KNOX,TN,2.5,5.0,1.0,2312.0,47093
3,HAMILTON,TN,3.0,5.0,1.0,405.0,47065
4,RUTHERFORD,TN,2.0,3.0,1.0,286.0,47149
5,SULLIVAN,TN,2.0,3.0,1.0,1101.0,47163
6,MADISON,TN,1.0,3.0,1.0,,47113
7,SUMNER,TN,3.5,2.0,1.0,,47165
8,CAMPBELL,TN,2.0,2.0,1.0,121.0,47013
9,PUTNAM,TN,4.0,2.0,1.0,,47141
10,MONTGOMERY,TN,2.0,2.0,1.0,,47125
11,HARDEMAN,TN,,2.0,,,47069
12,ANDERSON,TN,1.0,2.0,1.0,301.0,47001
13,COFFEE,TN,3.0,2.0,1.0,,47031
14,WEAKLEY,TN,3.0,2.0,1.0,,47183
15,MAURY,TN,4.0,2.0,1.0,,47119
16,WILLIAMSON,TN,4.0,2.0,1.0,,47187
17,WASHINGTON,TN,2.5,2.0,1.0,724.0,47179
18,SMITH,TN,4.0,1.0,1.0,,47159
19,HAWKINS,TN,4.0,1.0,1.0,50.0,47073
20,JOHNSON,TN,,1.0,,2.0,47091
21,LINCOLN,TN,4.0,1.0,1.0,,47103
22,ROBERTSON,TN,2.0,1.0,1.0,109.0,47147
23,DECATUR,TN,3.0,1.0,1.0,,47039
24,WHITE,TN,4.0,1.0,1.0,60.0,47185
25,MARSHALL,TN,,1.0,,,47117
26,DE KALB,TN,5.0,1.0,1.0,71.0,47041
27,DICKSON,TN,3.0,1.0,1.0,,47043
28,BENTON,TN,4.0,1.0,1.0,,47005
29,DYER,TN,2.0,1.0,1.0,,47045
30,OVERTON,TN,4.0,1.0,1.0,,47133
31,HENDERSON,TN,3.0,1.0,1.0,,47077
32,OBION,TN,4.0,1.0,1.0,137.0,47131
33,HUMPHREYS,TN,,1.0,,25.0,47085
34,UNICOI,TN,3.0,1.0,1.0,48.0,47171
35,BLEDSOE,TN,,1.0,,,47007
36,CLAY,TN,3.0,1.0,1.0,,47027
37,WILSON,TN,2.0,1.0,1.0,,47189
38,MACON,TN,4.0,1.0,1.0,25.0,47111
39,HARDIN,TN,4.0,1.0,1.0,58.0,47071
40,CUMBERLAND,TN,3.0,1.0,1.0,189.0,47035
41,GIBSON,TN,3.0,1.0,1.0,,47053
42,CHEATHAM,TN,,1.0,,,47021
43,WAYNE,TN,4.0,1.0,1.0,80.0,47181
44,LAUDERDALE,TN,,1.0,,25.0,47097
45,MONROE,TN,4.0,1.0,1.0,59.0,47123
46,TIPTON,TN,4.0,1.0,1.0,100.0,47167
47,BEDFORD,TN,4.0,1.0,1.0,,47003
48,ROANE,TN,2.0,1.0,1.0,109.0,47145
49,HANCOCK,TN,,1.0,,25.0,47067
50,CARROLL,TN,3.0,1.0,1.0,70.0,47017
51,CANNON,TN,4.0,1.0,1.0,55.0,47015
52,SEVIER,TN,3.0,1.0,1.0,79.0,47035
53,LOUDON,TN,2.0,1.0,1.0,50.0,47105
54,HICKMAN,TN,,1.0,,25.0,47081
55,CARTER,TN,2.0,1.0,1.0,109.0,47019
56,HOUSTON,TN,,1.0,,,47083
57,LAWRENCE,TN,4.0,1.0,1.0,,47099
58,CLAIBORNE,TN,3.0,1.0,1.0,85.0,47025
59,COCKE,TN,4.0,1.0,1.0,74.0,47029
60,MC MINN,TN,2.0,1.0,1.0,,47107
61,HENRY,TN,3.0,1.0,1.0,,47079
62,HAMBLEN,TN,2.0,1.0,1.0,155.0,47063
63,RHEA,TN,2.0,1.0,1.0,,47143
64,PERRY,TN,3.0,1.0,1.0,,47135
65,GILES,TN,4.0,1.0,1.0,,47055
66,FRANKLIN,TN,3.0,1.0,1.0,,47051
67,GREENE,TN,3.0,1.0,1.0,94.0,47059
68,BLOUNT,TN,2.0,1.0,1.0,,47009
69,SCOTT,TN,,1.0,,,47151
70,WARREN,TN,4.0,1.0,1.0,152.0,47177
71,JEFFERSON,TN,4.0,1.0,1.0,58.0,47089
72,TROUSDALE,TN,4.0,1.0,1.0,,47169
73,BRADLEY,TN,2.0,1.0,1.0,,47011
0,JEFFERSON,KY,2.25,7.0,1.0,3914.0,21111
1,FAYETTE,KY,2.75,6.0,1.0,1056.0,21067
2,CHRISTIAN,KY,1.0,4.0,1.0,194.0,21047
3,FLOYD,KY,1.0,3.0,1.0,216.0,21071
4,WARREN,KY,1.5,3.0,1.0,382.0,21227
5,KENTON,KY,4.0,2.0,1.0,621.0,21117
6,PIKE,KY,1.5,2.0,1.0,374.0,21195
7,BOYD,KY,3.0,2.0,1.0,645.0,21019
8,HARDIN,KY,4.0,2.0,1.0,,21093
9,MADISON,KY,4.0,2.0,1.0,130.0,21151
10,BELL,KY,3.5,2.0,1.0,216.0,21013
11,MC CRACKEN,KY,2.5,2.0,1.0,708.0,21145
12,WOODFORD,KY,,1.0,,,21239
13,OLDHAM,KY,3.0,1.0,1.0,90.0,21185
14,LAWRENCE,KY,4.0,1.0,1.0,,21127
15,CLINTON,KY,3.0,1.0,1.0,42.0,21053
16,LINCOLN,KY,3.0,1.0,1.0,25.0,21137
17,LOGAN,KY,5.0,1.0,1.0,,21141
18,BRECKINRIDGE,KY,3.0,1.0,1.0,25.0,21027
19,CALLOWAY,KY,3.0,1.0,1.0,,21035
20,SCOTT,KY,4.0,1.0,1.0,,21209
21,MONTGOMERY,KY,3.0,1.0,1.0,63.0,21173
22,GRANT,KY,,1.0,,15.0,21081
23,ROWAN,KY,2.0,1.0,1.0,149.0,21205
24,PULASKI,KY,2.0,1.0,1.0,,21199
25,CASEY,KY,4.0,1.0,1.0,24.0,21045
26,RUSSELL,KY,,1.0,,25.0,21207
27,CLAY,KY,3.0,1.0,1.0,49.0,21051
28,BREATHITT,KY,3.0,1.0,1.0,,21025
29,MARION,KY,4.0,1.0,1.0,,21155
30,ALLEN,KY,,1.0,,25.0,21003
31,MONROE,KY,2.0,1.0,1.0,49.0,21171
32,KNOX,KY,4.0,1.0,1.0,25.0,21121
33,LAUREL,KY,4.0,1.0,1.0,120.0,21125
34,MERCER,KY,4.0,1.0,1.0,25.0,21167
35,LESLIE,KY,,1.0,,25.0,21131
36,CAMPBELL,KY,3.0,1.0,1.0,312.0,21037
37,ADAIR,KY,,1.0,,77.0,21001
38,BOONE,KY,3.0,1.0,1.0,161.0,21015
39,UNION,KY,4.0,1.0,1.0,25.0,21225
40,BARREN,KY,2.0,1.0,1.0,180.0,21009
41,CLARK,KY,4.0,1.0,1.0,,21049
42,CUMBERLAND,KY,3.0,1.0,1.0,25.0,21057
43,GRAVES,KY,3.0,1.0,1.0,,21083
44,GREEN,KY,3.0,1.0,1.0,35.0,21087
45,LIVINGSTON,KY,3.0,1.0,1.0,25.0,21139
46,TAYLOR,KY,4.0,1.0,1.0,,21217
47,HARRISON,KY,4.0,1.0,1.0,61.0,21097
48,CALDWELL,KY,,1.0,,25.0,21033
49,CRITTENDEN,KY,3.0,1.0,1.0,48.0,21055
50,WAYNE,KY,,1.0,,25.0,21231
51,BOURBON,KY,3.0,1.0,1.0,,21017
52,JOHNSON,KY,1.0,1.0,1.0,,21115
53,MUHLENBERG,KY,5.0,1.0,1.0,90.0,21177
54,SHELBY,KY,4.0,1.0,1.0,68.0,21211
55,ROCKCASTLE,KY,3.0,1.0,1.0,26.0,21203
56,NELSON,KY,3.0,1.0,1.0,40.0,21179
57,MARSHALL,KY,4.0,1.0,1.0,25.0,21157
58,MORGAN,KY,,1.0,,20.0,21175
59,WHITLEY,KY,2.0,1.0,1.0,240.0,21121
60,BOYLE,KY,2.0,1.0,1.0,197.0,21021
61,HARLAN,KY,2.0,1.0,1.0,150.0,21095
62,LETCHER,KY,3.0,1.0,1.0,90.0,21133
63,HART,KY,2.0,1.0,1.0,25.0,21099
64,SIMPSON,KY,3.0,1.0,1.0,25.0,21213
65,PERRY,KY,1.0,1.0,1.0,308.0,21193
66,FLEMING,KY,4.0,1.0,1.0,,21069
67,CARROLL,KY,4.0,1.0,1.0,25.0,21041
68,HOPKINS,KY,3.0,1.0,1.0,390.0,21107
69,TRIGG,KY,,1.0,,25.0,21221
70,OHIO,KY,4.0,1.0,1.0,25.0,21183
71,ESTILL,KY,4.0,1.0,1.0,25.0,21065
72,FRANKLIN,KY,3.0,1.0,1.0,,21073
73,HENDERSON,KY,2.0,1.0,1.0,205.0,21101
74,DAVIESS,KY,4.0,1.0,1.0,469.0,21059
75,GRAYSON,KY,4.0,1.0,1.0,75.0,21085
76,MASON,KY,4.0,1.0,1.0,,21161
0,FAIRFAX,VA,4.75,7.0,0.75,1252.0,51059
1,RICHMOND CITY,VA,3.3333333333333335,4.0,1.0,555.0,51760
2,NORFOLK CITY,VA,3.0,4.0,1.0,1185.0,51710
3,VIRGINIA BEACH CITY,VA,4.0,3.0,0.5,436.0,51810
4,JAMES CITY,VA,4.5,3.0,1.0,185.0,51095
5,PETERSBURG CITY,VA,2.0,3.0,1.0,,51730
6,ARLINGTON,VA,5.0,2.0,1.0,357.0,51013
7,CHESTERFIELD,VA,2.5,2.0,1.0,130.0,51041
8,PRINCE WILLIAM,VA,3.5,2.0,1.0,243.0,51153
9,MONTGOMERY,VA,3.0,2.0,1.0,146.0,51121
10,SMYTH,VA,4.0,2.0,1.0,170.0,51173
11,PORTSMOUTH CITY,VA,1.0,2.0,1.0,346.0,51740
12,TAZEWELL,VA,3.5,2.0,1.0,238.0,51185
13,DANVILLE CITY,VA,2.0,2.0,1.0,,51590
14,NEWPORT NEWS CITY,VA,3.0,2.0,1.0,676.0,51700
15,LOUDOUN,VA,4.5,2.0,1.0,167.0,51107
16,HAMPTON CITY,VA,3.0,2.0,1.0,224.0,51650
17,SHENANDOAH,VA,4.0,1.0,1.0,25.0,51171
18,ACCOMACK,VA,3.0,1.0,1.0,52.0,51001
19,WASHINGTON,VA,3.0,1.0,1.0,116.0,51191
20,GALAX CITY,VA,2.0,1.0,1.0,141.0,51640
21,ALBEMARLE,VA,5.0,1.0,1.0,176.0,51003
22,HOPEWELL CITY,VA,2.0,1.0,1.0,,51670
23,STAUNTON CITY,VA,,1.0,,,51790
24,GLOUCESTER,VA,3.0,1.0,1.0,67.0,51073
25,FREDERICKSBURG CITY,VA,3.0,1.0,1.0,451.0,51630
26,SUFFOLK CITY,VA,4.0,1.0,1.0,168.0,51800
27,AUGUSTA,VA,4.0,1.0,1.0,255.0,51015
28,HANOVER,VA,4.0,1.0,1.0,225.0,51085
29,MANASSAS CITY,VA,3.0,1.0,1.0,170.0,51683
30,PULASKI,VA,2.0,1.0,1.0,,51155
31,LEXINGTON CITY,VA,4.0,1.0,1.0,25.0,51678
32,CHESAPEAKE CITY,VA,3.0,1.0,1.0,,51550
33,DICKENSON,VA,,1.0,,25.0,51051
34,SPOTSYLVANIA,VA,3.0,1.0,1.0,,51177
35,HENRICO,VA,4.0,1.0,1.0,,51087
36,RUSSELL,VA,4.0,1.0,1.0,78.0,51167
37,HALIFAX,VA,3.0,1.0,1.0,192.0,51083
38,FAUQUIER,VA,2.0,1.0,1.0,97.0,51061
39,ALEXANDRIA CITY,VA,5.0,1.0,1.0,318.0,51510
40,GILES,VA,4.0,1.0,1.0,25.0,51071
41,NEW KENT,VA,,1.0,,,51127
42,SALEM CITY,VA,4.0,1.0,1.0,,51775
43,LANCASTER,VA,3.0,1.0,1.0,76.0,51103
44,BEDFORD,VA,4.0,1.0,1.0,161.0,51019
45,MECKLENBURG,VA,3.0,1.0,1.0,70.0,51117
46,HARRISONBURG CITY,VA,4.0,1.0,1.0,238.0,51660
47,STAFFORD,VA,4.0,1.0,1.0,100.0,51179
48,WYTHE,VA,3.0,1.0,1.0,,51197
49,PAGE,VA,5.0,1.0,1.0,25.0,51139
50,BATH,VA,3.0,1.0,1.0,25.0,51017
51,ALLEGHANY,VA,4.0,1.0,1.0,,51005
52,LYNCHBURG CITY,VA,4.0,1.0,1.0,161.0,51680
53,ESSEX,VA,3.0,1.0,1.0,67.0,51057
54,CULPEPER,VA,4.0,1.0,1.0,70.0,51047
55,EMPORIA CITY,VA,4.0,1.0,1.0,,51595
56,WINCHESTER CITY,VA,4.0,1.0,1.0,399.0,51840
57,FRANKLIN,VA,3.0,1.0,1.0,37.0,51067
58,PRINCE EDWARD,VA,4.0,1.0,1.0,116.0,51147
59,FRANKLIN CITY,VA,2.0,1.0,1.0,,51620
60,WISE,VA,3.0,1.0,1.0,60.0,51195
61,WARREN,VA,4.0,1.0,1.0,196.0,51187
62,CHARLOTTESVILLE CITY,VA,2.0,1.0,1.0,,51540
63,NORTON CITY,VA,5.0,1.0,1.0,129.0,51720
64,BUCHANAN,VA,4.0,1.0,1.0,134.0,51027
65,ROANOKE CITY,VA,2.0,1.0,1.0,703.0,51770
0,E. BATON ROUGE,LA,3.2,11.0,1.0,1758.0,22033
1,LAFAYETTE,LA,3.8,10.0,0.8,886.0,22055
2,ORLEANS,LA,1.6666666666666667,9.0,1.0,1019.0,22071
3,ST. TAMMANY,LA,3.3333333333333335,9.0,1.0,205.0,22103
4,JEFFERSON,LA,3.0,8.0,1.0,1863.0,22051
5,CADDO,LA,2.25,8.0,1.0,1410.0,22017
6,RAPIDES,LA,2.0,7.0,1.0,611.0,22079
7,CALCASIEU,LA,2.75,6.0,1.0,670.0,22019
8,OUACHITA,LA,2.6666666666666665,5.0,1.0,595.0,22073
9,TANGIPAHOA,LA,2.0,5.0,1.0,,22105
10,TERREBONNE,LA,3.0,4.0,1.0,,22109
11,LAFOURCHE,LA,4.0,3.0,1.0,60.0,22057
12,AVOYELLES,LA,3.0,3.0,1.0,,22009
13,ST. LANDRY,LA,3.0,2.0,1.0,,22097
14,WASHINGTON,LA,2.0,2.0,1.0,92.0,22117
15,LINCOLN,LA,3.0,2.0,1.0,,22061
16,LASALLE,LA,3.0,2.0,1.0,,22059
17,VERMILION,LA,4.0,2.0,1.0,35.0,22113
18,ASCENSION,LA,,2.0,,,22005
19,MOREHOUSE,LA,2.0,2.0,1.0,,22067
20,BEAUREGARD,LA,3.0,2.0,1.0,60.0,22011
21,VERNON,LA,2.0,2.0,1.0,,22115
22,ST. MARTIN,LA,,2.0,,25.0,22099
23,ALLEN,LA,2.0,2.0,1.0,,22003
24,WEBSTER,LA,3.5,2.0,1.0,60.0,22119
25,JEFFRSON DAVIS,LA,1.0,2.0,1.0,49.0,22053
26,UNION,LA,,2.0,,20.0,22111
27,CALDWELL,LA,3.0,2.0,0.5,,22021
28,ACADIA,LA,3.0,2.0,1.0,140.0,22001
29,RICHLAND,LA,3.0,2.0,1.0,,22083
30,EVANGELINE,LA,3.5,2.0,1.0,180.0,22039
31,ST. JAMES,LA,,2.0,,,22093
32,ST. MARY,LA,3.0,2.0,1.0,,22101
33,JACKSON,LA,3.0,1.0,1.0,,22049
34,ST. BERNARD,LA,2.0,1.0,1.0,,22087
35,POINTE COUPEE,LA,,1.0,,,22077
36,NATCHITOCHES,LA,3.0,1.0,1.0,96.0,22069
37,BIENVILLE,LA,,1.0,,,22013
38,BOSSIER,LA,,1.0,,,22015
39,WEST FELICIANA,LA,,1.0,,,22125
40,CLAIBORNE,LA,4.0,1.0,1.0,,22027
41,EAST CARROLL,LA,3.0,1.0,1.0,,22035
42,MADISON,LA,,1.0,,,22065
43,IBERIA,LA,3.0,1.0,1.0,,22045
44,ASSUMPTION,LA,,1.0,,15.0,22007
45,WEST CARROLL,LA,3.0,1.0,1.0,,22123
46,EAST FELICIANA,LA,,1.0,,,22037
47,DE SOTO,LA,3.0,1.0,1.0,34.0,22031
48,WINN,LA,2.0,1.0,1.0,,22127
49,FRANKLIN,LA,3.0,1.0,1.0,,22041
50,ST. JOHN BAPTIST,LA,,1.0,,,0
51,CAMERON,LA,,1.0,,,22023
52,CONCORDIA,LA,,1.0,,,22029
53,SABINE,LA,3.0,1.0,1.0,,22085
54,ST. CHARLES,LA,4.0,1.0,1.0,,22089
55,RED RIVER,LA,,1.0,,25.0,22081
56,ST. HELENA,LA,,1.0,,,22091
0,JEFFERSON,AL,2.7142857142857144,10.0,1.0,2321.0,1073
1,MOBILE,AL,2.25,6.0,1.0,1026.0,1097
2,BALDWIN,AL,3.6666666666666665,4.0,1.0,220.0,1003
3,TUSCALOOSA,AL,2.0,3.0,1.0,,1125
4,MADISON,AL,2.0,3.0,1.0,,1089
5,MONTGOMERY,AL,3.0,3.0,1.0,349.0,1101
6,ETOWAH,AL,3.0,3.0,1.0,,1055
7,ESCAMBIA,AL,3.0,2.0,1.0,49.0,1053
8,COVINGTON,AL,3.0,2.0,1.0,99.0,1039
9,COLBERT,AL,3.0,2.0,1.0,,1033
10,TALLADEGA,AL,2.5,2.0,1.0,122.0,1121
11,CLARKE,AL,2.0,2.0,1.0,,1025
12,CULLMAN,AL,2.0,2.0,1.0,115.0,1043
13,CALHOUN,AL,2.0,2.0,1.0,338.0,1015
14,TALLAPOOSA,AL,3.0,2.0,1.0,81.0,1123
15,FRANKLIN,AL,4.0,2.0,1.0,100.0,1059
16,FAYETTE,AL,4.5,2.0,1.0,71.0,1093
17,CRENSHAW,AL,4.0,2.0,1.0,,1041
18,HOUSTON,AL,2.5,2.0,1.0,,1069
19,ELMORE,AL,4.0,2.0,1.0,69.0,1051
20,SUMTER,AL,,1.0,,,1119
21,WILCOX,AL,,1.0,,,1131
22,DE KALB,AL,2.0,1.0,1.0,,1049
23,GREENE,AL,,1.0,,,1063
24,RANDOLPH,AL,,1.0,,,1111
25,LIMESTONE,AL,3.0,1.0,1.0,,1083
26,MARSHALL,AL,2.0,1.0,1.0,,1095
27,CHILTON,AL,4.0,1.0,1.0,30.0,1021
28,WALKER,AL,3.0,1.0,1.0,267.0,1127
29,DALLAS,AL,2.0,1.0,1.0,,1047
30,MORGAN,AL,3.0,1.0,1.0,,1103
31,MARION,AL,4.0,1.0,1.0,57.0,1093
32,ST. CLAIR,AL,3.0,1.0,1.0,40.0,1115
33,CLAY,AL,4.0,1.0,1.0,,1027
34,RUSSELL,AL,5.0,1.0,1.0,,1113
35,SHELBY,AL,2.0,1.0,1.0,252.0,1117
36,MARENGO,AL,3.0,1.0,1.0,,1091
37,WASHINGTON,AL,,1.0,,,1129
38,BARBOUR,AL,3.0,1.0,1.0,,1005
39,LAUDERDALE,AL,2.0,1.0,1.0,,1077
40,CHOCTAW,AL,,1.0,,25.0,1023
41,LAWRENCE,AL,4.0,1.0,1.0,,1079
42,BUTLER,AL,2.0,1.0,1.0,,1013
43,LEE,AL,4.0,1.0,1.0,,1081
44,AUTAUGA,AL,5.0,1.0,1.0,,1001
45,GENEVA,AL,4.0,1.0,1.0,,1061
46,BULLOCK,AL,,1.0,,,1011
47,BIBB,AL,3.0,1.0,1.0,,1007
48,PIKE,AL,3.0,1.0,1.0,,1109
49,BLOUNT,AL,3.0,1.0,0.0,25.0,1009
50,WINSTON,AL,5.0,1.0,1.0,50.0,1133
51,DALE,AL,4.0,1.0,1.0,,1045
52,HALE,AL,4.0,1.0,1.0,,1065
53,JACKSON,AL,2.0,1.0,1.0,,1071
54,MONROE,AL,3.0,1.0,1.0,,1099
55,CONECUH,AL,4.0,1.0,1.0,,1035
56,CHEROKEE,AL,,1.0,,,1019
57,COFFEE,AL,4.0,1.0,1.0,,1031
58,PICKENS,AL,3.0,1.0,1.0,56.0,1107
0,SIOUX,IA,4.0,4.0,1.0,50.0,19167
1,POLK,IA,3.25,4.0,1.0,1528.0,19153
2,DUBUQUE,IA,4.5,3.0,1.0,707.0,19061
3,BLACK HAWK,IA,3.3333333333333335,3.0,1.0,740.0,19013
4,LINN,IA,4.5,2.0,1.0,879.0,19113
5,MARION,IA,4.0,2.0,1.0,50.0,19125
6,WOODBURY,IA,1.5,2.0,1.0,468.0,19193
7,CARROLL,IA,4.0,2.0,1.0,159.0,19027
8,POTTAWATTAMIE,IA,4.5,2.0,1.0,430.0,19155
9,LEE,IA,4.0,2.0,1.0,121.0,19111
10,WRIGHT,IA,4.5,2.0,1.0,,19197
11,STORY,IA,5.0,2.0,1.0,,19169
12,BREMER,IA,4.0,2.0,1.0,25.0,19017
13,FAYETTE,IA,,2.0,,50.0,19065
14,CLINTON,IA,5.0,2.0,1.0,237.0,19045
15,CLAYTON,IA,,2.0,,25.0,19043
16,SCOTT,IA,3.5,2.0,1.0,652.0,19163
17,BUCHANAN,IA,,2.0,,,19019
18,CHEROKEE,IA,3.0,2.0,1.0,25.0,19035
19,PAGE,IA,2.5,2.0,1.0,25.0,19145
20,JOHNSON,IA,4.0,2.0,1.0,234.0,19103
21,OBRIEN,IA,4.0,2.0,1.0,39.0,19141
22,WASHINGTON,IA,4.0,1.0,1.0,,19183
23,GRUNDY,IA,4.0,1.0,1.0,,19075
24,SHELBY,IA,3.0,1.0,1.0,,19165
25,MITCHELL,IA,4.0,1.0,1.0,,19131
26,CERRO GORDO,IA,3.0,1.0,1.0,350.0,19033
27,MARSHALL,IA,2.0,1.0,1.0,70.0,19127
28,WINNESHIEK,IA,4.0,1.0,1.0,,19191
29,GREENE,IA,,1.0,,,19073
30,DES MOINES,IA,3.0,1.0,1.0,173.0,19057
31,CALHOUN,IA,,1.0,,25.0,19025
32,APPANOOSE,IA,3.0,1.0,1.0,25.0,19007
33,JONES,IA,5.0,1.0,1.0,25.0,19105
34,KEOKUK,IA,,1.0,,,19107
35,MADISON,IA,,1.0,,,19121
36,MONTGOMERY,IA,3.0,1.0,1.0,,19137
37,JASPER,IA,5.0,1.0,1.0,68.0,19099
38,FREMONT,IA,,1.0,,25.0,19071
39,WEBSTER,IA,3.0,1.0,1.0,174.0,19187
40,DAVIS,IA,,1.0,,,0
41,CLAY,IA,4.0,1.0,1.0,,19041
42,HOWARD,IA,,1.0,,,19089
43,JEFFERSON,IA,3.0,1.0,1.0,,19101
44,UNION,IA,4.0,1.0,1.0,,19175
45,GUTHRIE,IA,,1.0,,,19077
46,LYON,IA,,1.0,,25.0,19119
47,DALLAS,IA,,1.0,,,19049
48,ADAIR,IA,,1.0,,,19001
49,BUENA VISTA,IA,4.0,1.0,1.0,,19021
50,WAPELLO,IA,4.0,1.0,1.0,,19179
51,IDA,IA,,1.0,,25.0,19093
52,EMMET,IA,4.0,1.0,1.0,25.0,19063
53,MAHASKA,IA,3.0,1.0,1.0,,19123
54,CRAWFORD,IA,2.0,1.0,1.0,,19047
55,SAC,IA,4.0,1.0,1.0,25.0,19161
56,MUSCATINE,IA,4.0,1.0,1.0,80.0,19139
57,HARDIN,IA,,1.0,,,19083
58,WAYNE,IA,4.0,1.0,1.0,,0
59,JACKSON,IA,,1.0,,,19097
60,OSCEOLA,IA,,1.0,,25.0,19143
61,DICKINSON,IA,5.0,1.0,1.0,,19059
62,DELAWARE,IA,4.0,1.0,1.0,,19055
63,DECATUR,IA,,1.0,,,0
64,CHICKASAW,IA,,1.0,,25.0,19037
65,PALO ALTO,IA,,1.0,,,0
66,VAN BUREN,IA,,1.0,,,19177
67,CASS,IA,4.0,1.0,1.0,,19029
68,MONONA,IA,4.0,1.0,1.0,25.0,19133
69,BOONE,IA,4.0,1.0,1.0,,19015
70,BENTON,IA,4.0,1.0,1.0,83.0,19011
71,HANCOCK,IA,4.0,1.0,1.0,,19081
72,ALLAMAKEE,IA,,1.0,,,19005
73,PLYMOUTH,IA,5.0,1.0,1.0,,19149
74,HAMILTON,IA,4.0,1.0,1.0,,19079
75,HARRISON,IA,4.0,1.0,1.0,25.0,19085
76,HUMBOLDT,IA,,1.0,,,0
77,MONROE,IA,3.0,1.0,1.0,,0
78,FRANKLIN,IA,,1.0,,,19069
79,POWESHIEK,IA,4.0,1.0,1.0,49.0,19157
80,POCAHONTAS,IA,,1.0,,,0
81,CLARKE,IA,3.0,1.0,1.0,,19039
82,HENRY,IA,4.0,1.0,1.0,,19087
83,LUCAS,IA,,1.0,,,0
84,AUDUBON,IA,,1.0,,,19009
85,IOWA,IA,,1.0,,,19095
86,ADAMS,IA,4.0,1.0,1.0,22.0,19003
87,RINGGOLD,IA,,1.0,,,0
88,FLOYD,IA,4.0,1.0,1.0,,0
89,KOSSUTH,IA,4.0,1.0,1.0,,19109
0,JOHNSON,KS,3.4,11.0,1.0,781.0,20091
1,SEDGWICK,KS,3.75,6.0,0.75,1336.0,20173
2,SHAWNEE,KS,3.5,3.0,1.0,884.0,20177
3,BARTON,KS,3.0,3.0,1.0,49.0,20009
4,MCPHERSON,KS,4.0,3.0,1.0,95.0,20113
5,NEMAHA,KS,,2.0,,49.0,20131
6,MARION,KS,,2.0,,,20115
7,HARVEY,KS,5.0,2.0,1.0,55.0,20079
8,SALINE,KS,3.0,2.0,1.0,369.0,20169
9,BARBER,KS,,2.0,,,20007
10,WYANDOTTE,KS,4.5,2.0,1.0,400.0,20209
11,LEAVENWORTH,KS,4.0,2.0,1.0,134.0,20103
12,RENO,KS,2.0,2.0,1.0,199.0,20155
13,DICKINSON,KS,3.0,2.0,1.0,,20041
14,BUTLER,KS,2.5,2.0,1.0,80.0,20015
15,FORD,KS,3.0,2.0,1.0,,20057
16,NESS,KS,,2.0,,,0
17,WASHINGTON,KS,,2.0,,,0
18,PAWNEE,KS,,2.0,,25.0,20145
19,POTTAWATOMIE,KS,4.0,2.0,1.0,50.0,20149
20,CHEROKEE,KS,,2.0,,25.0,20021
21,RILEY,KS,3.0,2.0,1.0,150.0,20161
22,GEARY,KS,3.0,2.0,1.0,,20061
23,CRAWFORD,KS,3.0,2.0,1.0,168.0,20037
24,MIAMI,KS,4.0,2.0,1.0,39.0,20121
25,SUMNER,KS,,2.0,,,20191
26,WILSON,KS,3.5,2.0,1.0,,0
27,LABETTE,KS,5.0,2.0,1.0,109.0,20099
28,COWLEY,KS,2.5,2.0,1.0,25.0,20035
29,SMITH,KS,4.0,1.0,1.0,25.0,20183
30,HARPER,KS,3.0,1.0,1.0,,0
31,GRANT,KS,3.0,1.0,1.0,45.0,20067
32,RAWLINS,KS,,1.0,,,0
33,DOUGLAS,KS,3.0,1.0,1.0,,20045
34,CHEYENNE,KS,,1.0,,16.0,20023
35,TREGO,KS,3.0,1.0,1.0,,0
36,STANTON,KS,,1.0,,,20187
37,MORTON,KS,,1.0,,,20129
38,MONTGOMERY,KS,3.0,1.0,1.0,110.0,20125
39,RUSSELL,KS,2.0,1.0,1.0,25.0,20167
40,PRATT,KS,4.0,1.0,1.0,69.0,20151
41,FINNEY,KS,1.0,1.0,1.0,132.0,20055
42,EDWARDS,KS,,1.0,,,0
43,ANDERSON,KS,,1.0,,25.0,20003
44,SHERIDAN,KS,,1.0,,,0
45,LINCOLN,KS,,1.0,,,0
46,GRAHAM,KS,3.0,1.0,1.0,,0
47,ELLIS,KS,4.0,1.0,1.0,194.0,20051
48,LYON,KS,4.0,1.0,1.0,,20111
49,HASKELL,KS,,1.0,,,0
50,LOGAN,KS,,1.0,,,0
51,COMANCHE,KS,,1.0,,,0
52,MORRIS,KS,4.0,1.0,0.0,,20127
53,KIOWA,KS,,1.0,,35.0,20097
54,NORTON,KS,,1.0,,,0
55,LANE,KS,,1.0,,,0
56,ATCHISON,KS,3.0,1.0,1.0,25.0,20005
57,KEARNY,KS,,1.0,,,20093
58,ELLSWORTH,KS,4.0,1.0,1.0,,0
59,NEOSHO,KS,3.0,1.0,1.0,,20133
60,KINGMAN,KS,4.0,1.0,1.0,25.0,20095
61,GOVE,KS,,1.0,,,20063
62,JACKSON,KS,3.0,1.0,1.0,12.0,20085
63,GREELEY,KS,,1.0,,18.0,20071
64,CLOUD,KS,2.0,1.0,1.0,25.0,20029
65,CHAUTAUQUA,KS,,1.0,,,20019
66,CLARK,KS,,1.0,,,0
67,CLAY,KS,4.0,1.0,1.0,,20027
68,PHILLIPS,KS,,1.0,,25.0,20147
69,REPUBLIC,KS,2.0,1.0,1.0,35.0,20157
70,OTTAWA,KS,,1.0,,25.0,20143
71,RICE,KS,,1.0,,,0
72,OSBORNE,KS,,1.0,,,20141
73,STAFFORD,KS,,1.0,,,20185
74,THOMAS,KS,4.0,1.0,1.0,25.0,20193
75,ROOKS,KS,,1.0,,,20163
76,SCOTT,KS,4.0,1.0,1.0,,20171
77,SEWARD,KS,2.0,1.0,1.0,80.0,20175
78,JEFFERSON,KS,,1.0,,25.0,20087
79,DECATUR,KS,,1.0,,25.0,20039
80,MITCHELL,KS,5.0,1.0,1.0,,20123
81,JEWELL,KS,,1.0,,,20089
82,RUSH,KS,,1.0,,,0
83,GREENWOOD,KS,3.0,1.0,1.0,,20073
84,HAMILTON,KS,,1.0,,,20075
85,WICHITA,KS,,1.0,,,0
86,STEVENS,KS,,1.0,,,20189
87,MARSHALL,KS,5.0,1.0,1.0,25.0,20117
88,FRANKLIN,KS,5.0,1.0,0.0,,20059
89,MEADE,KS,4.0,1.0,1.0,,0
90,HODGEMAN,KS,,1.0,,,0
91,ALLEN,KS,2.0,1.0,1.0,,0
92,BROWN,KS,4.0,1.0,1.0,25.0,20013
93,SHERMAN,KS,3.0,1.0,1.0,,0
0,OKLAHOMA,OK,3.5454545454545454,21.0,1.0,2109.0,40109
1,TULSA,OK,3.6363636363636362,16.0,1.0,1967.0,40143
2,COMANCHE,OK,2.0,4.0,1.0,,40031
3,PONTOTOC,OK,4.0,3.0,1.0,156.0,40123
4,CLEVELAND,OK,3.0,3.0,1.0,,40027
5,CREEK,OK,3.0,3.0,1.0,25.0,40037
6,PITTSBURG,OK,2.0,2.0,1.0,,40121
7,PAYNE,OK,3.5,2.0,1.0,,40119
8,GARFIELD,OK,4.0,2.0,1.0,183.0,40047
9,BLAINE,OK,,2.0,,25.0,40011
10,CADDO,OK,,2.0,,46.0,40015
11,WOODWARD,OK,4.0,2.0,1.0,,40153
12,OSAGE,OK,,2.0,,25.0,40113
13,OKMULGEE,OK,3.0,2.0,1.0,66.0,40111
14,CARTER,OK,4.0,2.0,1.0,212.0,40019
15,ROGERS,OK,4.0,2.0,1.0,,40131
16,KAY,OK,3.0,2.0,1.0,,40071
17,CHEROKEE,OK,3.0,2.0,1.0,,40021
18,CUSTER,OK,3.0,2.0,1.0,,40039
19,LINCOLN,OK,,2.0,,25.0,40081
20,GRADY,OK,4.0,1.0,1.0,,40051
21,PUSHMATAHA,OK,3.0,1.0,1.0,,0
22,CRAIG,OK,4.0,1.0,1.0,,40035
23,WASHITA,OK,,1.0,,,40149
24,BRYAN,OK,2.0,1.0,1.0,,40013
25,LE FLORE,OK,3.0,1.0,1.0,,40079
26,WASHINGTON,OK,3.0,1.0,1.0,140.0,40147
27,SEQUOYAH,OK,3.0,1.0,1.0,,40135
28,KIOWA,OK,3.0,1.0,1.0,,40075
29,WOODS,OK,,1.0,,,0
30,MARSHALL,OK,,1.0,,,40095
31,HUGHES,OK,4.0,1.0,1.0,,0
32,LOVE,OK,,1.0,,,40085
33,HASKELL,OK,,1.0,,,0
34,JOHNSTON,OK,,1.0,,25.0,40069
35,ADAIR,OK,5.0,1.0,1.0,67.0,40001
36,LOGAN,OK,,1.0,,25.0,40083
37,MAJOR,OK,,1.0,,,40093
38,HARPER,OK,,1.0,,,0
39,DELAWARE,OK,3.0,1.0,1.0,58.0,40041
40,CANADIAN,OK,3.0,1.0,1.0,75.0,40017
41,CIMARRON,OK,,1.0,,,0
42,LATIMER,OK,,1.0,,,40077
43,NOBLE,OK,3.0,1.0,1.0,,40103
44,PAWNEE,OK,,1.0,,14.0,40117
45,MUSKOGEE,OK,1.0,1.0,1.0,,40101
46,OTTAWA,OK,3.0,1.0,1.0,117.0,40115
47,ELLIS,OK,,1.0,,13.0,40045
48,STEPHENS,OK,3.0,1.0,1.0,145.0,40137
49,GREER,OK,,1.0,,,40055
50,SEMINOLE,OK,4.0,1.0,1.0,,40133
51,ROGER MILLS,OK,,1.0,,,0
52,BECKHAM,OK,4.0,1.0,1.0,62.0,40009
53,KINGFISHER,OK,,1.0,,25.0,40073
54,JACKSON,OK,2.0,1.0,1.0,,40065
55,CHOCTAW,OK,3.0,1.0,1.0,,40023
56,OKFUSKEE,OK,,1.0,,,40107
57,COAL,OK,,1.0,,20.0,40029
58,DEWEY,OK,,1.0,,,40043
59,MURRAY,OK,,1.0,,,40099
60,HARMON,OK,,1.0,,,0
61,MCCLAIN,OK,4.0,1.0,1.0,39.0,40087
62,WAGONER,OK,3.0,1.0,1.0,,40145
63,MAYES,OK,4.0,1.0,1.0,52.0,40097
64,POTTAWATOMIE,OK,3.0,1.0,1.0,102.0,40125
65,MCCURTAIN,OK,,1.0,,,40089
66,TEXAS,OK,4.0,1.0,1.0,,40139
67,GARVIN,OK,,1.0,,,40049
68,NOWATA,OK,,1.0,,25.0,40105
69,JEFFERSON,OK,,1.0,,25.0,40067
70,ATOKA,OK,,1.0,,,40005
71,BEAVER,OK,,1.0,,,40007
0,HENNEPIN,MN,3.7142857142857144,9.0,1.0,5313.0,27053
1,ST. LOUIS,MN,3.8,8.0,0.6,1114.0,27137
2,RAMSEY,MN,3.25,5.0,0.75,1671.0,27123
3,STEARNS,MN,4.0,4.0,1.0,572.0,27145
4,OLMSTED,MN,5.0,3.0,1.0,2120.0,27109
5,BELTRAMI,MN,2.0,3.0,1.0,118.0,27007
6,CROW WING,MN,4.0,3.0,1.0,204.0,27035
7,ITASCA,MN,4.0,3.0,1.0,84.0,27061
8,OTTER TAIL,MN,4.5,3.0,1.0,100.0,27111
9,BROWN,MN,4.0,3.0,1.0,86.0,27015
10,WRIGHT,MN,5.0,3.0,0.0,101.0,27171
11,MILLE LACS,MN,4.5,2.0,1.0,85.0,27141
12,LINCOLN,MN,,2.0,,44.0,27081
13,DAKOTA,MN,4.0,2.0,1.0,207.0,27037
14,TODD,MN,4.0,2.0,1.0,71.0,27153
15,YELLOW MEDCINE,MN,,2.0,,29.0,27173
16,COTTONWOOD,MN,,2.0,,8.0,27033
17,LYON,MN,4.0,2.0,1.0,50.0,27083
18,DOUGLAS,MN,4.0,2.0,1.0,,27041
19,SCOTT,MN,3.5,2.0,1.0,118.0,27139
20,KANDIYOHI,MN,4.0,2.0,1.0,136.0,27067
21,WASHINGTON,MN,4.5,2.0,0.5,183.0,27163
22,WATONWAN,MN,,2.0,,50.0,27165
23,RICE,MN,3.5,2.0,1.0,99.0,27131
24,WABASHA,MN,,2.0,,43.0,27157
25,MC LEOD,MN,4.0,2.0,1.0,115.0,27085
26,ANOKA,MN,4.0,2.0,1.0,573.0,27003
27,SWIFT,MN,,2.0,,,27151
28,BIG STONE,MN,,2.0,,15.0,27011
29,GOODHUE,MN,4.0,2.0,1.0,65.0,27049
30,CARLTON,MN,4.0,2.0,1.0,36.0,27017
31,LAC QUI PARLE,MN,,2.0,,12.0,27073
32,POLK,MN,4.0,2.0,1.0,92.0,27119
33,PENNINGTON,MN,3.0,2.0,1.0,36.0,27113
34,NICOLLET,MN,,1.0,,,27103
35,CASS,MN,,1.0,,,27021
36,PIPESTONE,MN,,1.0,,,27117
37,BLUE EARTH,MN,4.0,1.0,1.0,272.0,27013
38,AITKIN,MN,5.0,1.0,1.0,31.0,27001
39,MEEKER,MN,,1.0,,,27093
40,COOK,MN,,1.0,,,0
41,GRANT,MN,,1.0,,10.0,27051
42,BECKER,MN,4.0,1.0,0.0,87.0,27005
43,NOBLES,MN,4.0,1.0,1.0,55.0,27105
44,SIBLEY,MN,,1.0,,20.0,27143
45,LAKE,MN,,1.0,,25.0,27075
46,WINONA,MN,4.0,1.0,1.0,99.0,27169
47,CHIPPEWA,MN,2.0,1.0,1.0,,0
48,ROCK,MN,,1.0,,28.0,27133
49,CARVER,MN,4.0,1.0,1.0,109.0,27019
50,POPE,MN,,1.0,,,0
51,ROSEAU,MN,,1.0,,15.0,27135
52,KOOCHICHING,MN,,1.0,,25.0,27071
53,KANABEC,MN,4.0,1.0,1.0,,0
54,WILKIN,MN,3.0,1.0,1.0,25.0,27167
55,MARSHALL,MN,,1.0,,12.0,27089
56,TRAVERSE,MN,,1.0,,25.0,27155
57,PINE,MN,,1.0,,35.0,27115
58,REDWOOD,MN,4.0,1.0,1.0,,27127
59,ISANTI,MN,4.0,1.0,1.0,86.0,27059
60,HUBBARD,MN,4.0,1.0,1.0,50.0,27057
61,FREEBORN,MN,4.0,1.0,1.0,181.0,27047
62,STEVENS,MN,4.0,1.0,1.0,54.0,27149
63,JACKSON,MN,,1.0,,20.0,27063
64,FARIBAULT,MN,,1.0,,43.0,27043
65,LE SUEUR,MN,,1.0,,15.0,27079
66,MORRISON,MN,3.0,1.0,1.0,49.0,27097
67,KITTSON,MN,,1.0,,15.0,27069
68,MURRAY,MN,,1.0,,,27101
69,RENVILLE,MN,,1.0,,,27129
70,LAKE OF  WOODS,MN,,1.0,,15.0,27077
71,CLEARWATER,MN,,1.0,,25.0,27029
72,MAHNOMEN,MN,,1.0,,,27087
73,NORMAN,MN,,1.0,,14.0,27107
74,MARTIN,MN,4.0,1.0,1.0,57.0,27091
75,CHISAGO,MN,4.0,1.0,1.0,61.0,27025
76,WADENA,MN,4.0,1.0,1.0,49.0,27159
77,WASECA,MN,,1.0,,25.0,27161
78,STEELE,MN,4.0,1.0,1.0,77.0,27147
0,KING,WA,3.9285714285714284,21.0,1.0,3146.0,53033
1,PIERCE,WA,2.6,7.0,1.0,1339.0,53053
2,SPOKANE,WA,3.5,7.0,1.0,917.0,53063
3,SNOHOMISH,WA,2.5,5.0,1.0,485.0,53061
4,CHELAN,WA,4.0,4.0,1.0,218.0,53007
5,YAKIMA,WA,3.0,4.0,1.0,431.0,53077
6,GRANT,WA,3.5,4.0,1.0,,53025
7,BENTON,WA,3.6666666666666665,4.0,1.0,141.0,53005
8,SKAGIT,WA,3.0,3.0,1.0,30.0,53057
9,OKANOGAN,WA,3.0,3.0,1.0,,53047
10,KLICKITAT,WA,,2.0,,,53039
11,ADAMS,WA,,2.0,,,53001
12,STEVENS,WA,4.0,2.0,1.0,90.0,53065
13,WHITMAN,WA,4.5,2.0,1.0,,53075
14,CLALLAM,WA,4.0,2.0,1.0,,53009
15,ISLAND,WA,3.0,2.0,1.0,,53029
16,THURSTON,WA,3.5,2.0,1.0,340.0,53067
17,KITSAP,WA,3.0,2.0,1.0,297.0,53035
18,CLARK,WA,4.0,2.0,1.0,440.0,53011
19,LEWIS,WA,4.0,2.0,1.0,191.0,53041
20,PACIFIC,WA,3.0,2.0,1.0,,53049
21,LINCOLN,WA,5.0,2.0,1.0,,53043
22,GRAYS HARBOR,WA,2.5,2.0,1.0,70.0,53027
23,WHATCOM,WA,4.0,1.0,1.0,253.0,53073
24,ASOTIN,WA,4.0,1.0,1.0,25.0,53003
25,JEFFERSON,WA,5.0,1.0,1.0,,53031
26,COLUMBIA,WA,,1.0,,,53013
27,FRANKLIN,WA,4.0,1.0,1.0,35.0,53021
28,GARFIELD,WA,,1.0,,,0
29,WALLA WALLA,WA,5.0,1.0,1.0,146.0,53071
30,PEND OREILLE,WA,4.0,1.0,1.0,,53051
31,FERRY,WA,,1.0,,,53019
32,SAN JUAN,WA,,1.0,,10.0,53055
33,MASON,WA,3.0,1.0,1.0,,53045
34,COWLITZ,WA,3.0,1.0,1.0,368.0,53015
35,KITTITAS,WA,4.0,1.0,1.0,,53037
0,ESSEX,NJ,2.4285714285714284,8.0,0.8571428571428571,2370.0,34013
1,BERGEN,NJ,2.8333333333333335,7.0,1.0,2045.0,34003
2,MIDDLESEX,NJ,2.2,7.0,1.0,2564.0,34023
3,HUDSON,NJ,1.6666666666666667,7.0,1.0,1066.0,34017
4,BURLINGTON,NJ,2.6666666666666665,6.0,0.3333333333333333,723.0,34005
5,UNION,NJ,2.3333333333333335,5.0,1.0,1113.0,34039
6,MONMOUTH,NJ,2.8,5.0,1.0,1878.0,34025
7,OCEAN,NJ,2.5,5.0,1.0,1516.0,34029
8,MERCER,NJ,2.5,5.0,0.75,1297.0,34021
9,CAMDEN,NJ,3.0,5.0,1.0,2270.0,34007
10,MORRIS,NJ,4.333333333333333,4.0,1.0,821.0,34027
11,ATLANTIC,NJ,2.5,3.0,1.0,565.0,34001
12,SOMERSET,NJ,3.0,2.0,1.0,335.0,34035
13,PASSAIC,NJ,2.0,2.0,1.0,852.0,34031
14,WARREN,NJ,2.5,2.0,1.0,305.0,34041
15,SALEM,NJ,2.0,2.0,1.0,91.0,34033
16,CUMBERLAND,NJ,1.0,1.0,1.0,293.0,34011
17,GLOUCESTER,NJ,2.0,1.0,1.0,287.0,34015
18,CAPE MAY,NJ,3.0,1.0,1.0,242.0,34009
19,HUNTERDON,NJ,4.0,1.0,1.0,176.0,34019
20,SUSSEX,NJ,4.0,1.0,1.0,148.0,34037
0,RANKIN,MS,3.0,6.0,1.0,,28121
1,HINDS,MS,2.0,5.0,1.0,1334.0,28049
2,HARRISON,MS,2.3333333333333335,5.0,1.0,,28047
3,LAUDERDALE,MS,2.0,4.0,1.0,615.0,28075
4,DE SOTO,MS,2.5,3.0,0.5,221.0,28033
5,NESHOBA,MS,2.5,3.0,1.0,25.0,28099
6,SIMPSON,MS,2.0,2.0,1.0,99.0,28127
7,SUNFLOWER,MS,2.5,2.0,1.0,,28133
8,SCOTT,MS,3.5,2.0,1.0,65.0,28123
9,PIKE,MS,1.0,2.0,1.0,37.0,28113
10,LEE,MS,3.0,2.0,1.0,650.0,28081
11,PEARL RIVER,MS,2.0,2.0,1.0,,28109
12,LAMAR,MS,2.0,2.0,1.0,,28073
13,GREENE,MS,,2.0,,,28041
14,MONROE,MS,3.0,2.0,1.0,,28095
15,UNION,MS,5.0,1.0,1.0,153.0,28145
16,SHARKEY,MS,,1.0,,,28125
17,TIPPAH,MS,4.0,1.0,1.0,,28139
18,YALOBUSHA,MS,3.0,1.0,0.0,,28161
19,COPIAH,MS,,1.0,,,28029
20,JEFFERSON DAVIS,MS,,1.0,,35.0,28065
21,CALHOUN,MS,,1.0,,30.0,28013
22,YAZOO,MS,4.0,1.0,1.0,35.0,28163
23,JASPER,MS,,1.0,,,28061
24,MARSHALL,MS,2.0,1.0,1.0,,28093
25,WEBSTER,MS,5.0,1.0,1.0,43.0,28155
26,MADISON,MS,3.0,1.0,1.0,,28089
27,QUITMAN,MS,,1.0,,,28119
28,SMITH,MS,,1.0,,,28129
29,HANCOCK,MS,4.0,1.0,1.0,,28045
30,TALLAHATCHIE,MS,,1.0,,,28135
31,CLAY,MS,3.0,1.0,1.0,60.0,28025
32,LOWNDES,MS,3.0,1.0,1.0,328.0,28087
33,TISHOMINGO,MS,5.0,1.0,1.0,48.0,28141
34,FORREST,MS,1.0,1.0,1.0,,28035
35,CHICKASAW,MS,,1.0,,,28017
36,BOLIVAR,MS,3.0,1.0,1.0,,28011
37,HOLMES,MS,,1.0,,,28051
38,MARION,MS,3.0,1.0,1.0,,28091
39,GEORGE,MS,3.0,1.0,1.0,,28039
40,JONES,MS,2.0,1.0,1.0,,28067
41,WASHINGTON,MS,1.0,1.0,1.0,,28151
42,JEFFERSON,MS,,1.0,,,28063
43,LINCOLN,MS,2.0,1.0,1.0,122.0,28085
44,LAFAYETTE,MS,4.0,1.0,1.0,217.0,28071
45,TATE,MS,3.0,1.0,1.0,,28137
46,COAHOMA,MS,3.0,1.0,1.0,,28027
47,ATTALA,MS,3.0,1.0,1.0,25.0,28007
48,PANOLA,MS,3.0,1.0,1.0,,28107
49,PRENTISS,MS,4.0,1.0,1.0,114.0,28117
50,CHOCTAW,MS,,1.0,,,28019
51,LAWRENCE,MS,3.0,1.0,1.0,,28077
52,CLAIBORNE,MS,,1.0,,,28021
53,MONTGOMERY,MS,3.0,1.0,1.0,,28097
54,WAYNE,MS,3.0,1.0,1.0,,28153
55,STONE,MS,,1.0,,,28131
56,PONTOTOC,MS,4.0,1.0,1.0,25.0,28115
57,LEFLORE,MS,2.0,1.0,1.0,,28083
58,ALCORN,MS,2.0,1.0,1.0,,28003
59,FRANKLIN,MS,,1.0,,,28037
60,WILKINSON,MS,3.0,1.0,1.0,,28157
61,ADAMS,MS,2.0,1.0,1.0,,28001
62,WINSTON,MS,,1.0,,41.0,28159
63,OKTIBBEHA,MS,3.0,1.0,1.0,,28105
64,WARREN,MS,1.0,1.0,1.0,,28149
65,CLARKE,MS,,1.0,,25.0,28023
66,JACKSON,MS,2.0,1.0,1.0,,28059
67,LEAKE,MS,3.0,1.0,1.0,25.0,28079
68,COVINGTON,MS,2.0,1.0,1.0,,28031
69,KEMPER,MS,,1.0,,25.0,28069
70,GRENADA,MS,3.0,1.0,1.0,,28043
71,WALTHALL,MS,,1.0,,,28147
72,NOXUBEE,MS,,1.0,,,28103
0,PULASKI,AR,2.4285714285714284,12.0,1.0,2483.0,5119
1,WASHINGTON,AR,2.0,6.0,1.0,269.0,5143
2,SEBASTIAN,AR,2.5,3.0,1.0,360.0,5131
3,GARLAND,AR,2.0,3.0,1.0,332.0,5051
4,FAULKNER,AR,2.5,3.0,1.0,261.0,5045
5,BENTON,AR,4.0,3.0,1.0,208.0,5007
6,YELL,AR,2.5,2.0,1.0,41.0,5149
7,CARROLL,AR,3.0,2.0,1.0,25.0,5015
8,CRITTENDEN,AR,,2.0,,,5035
9,LOGAN,AR,,2.0,,41.0,5083
10,BAXTER,AR,2.5,2.0,1.0,293.0,5065
11,ARKANSAS,AR,4.0,2.0,1.0,74.0,5001
12,SALINE,AR,2.0,2.0,1.0,177.0,5125
13,MISSISSIPPI,AR,3.0,2.0,1.0,,5093
14,CRAIGHEAD,AR,1.5,2.0,1.0,570.0,5031
15,DESHA,AR,2.0,2.0,1.0,50.0,5041
16,HOWARD,AR,4.0,1.0,1.0,25.0,5061
17,INDEPENDENCE,AR,4.0,1.0,1.0,224.0,5063
18,POLK,AR,3.0,1.0,1.0,,5113
19,BOONE,AR,2.0,1.0,1.0,174.0,5009
20,CROSS,AR,5.0,1.0,1.0,25.0,5037
21,DALLAS,AR,,1.0,,,5039
22,CLAY,AR,2.0,1.0,1.0,,5021
23,RANDOLPH,AR,2.0,1.0,1.0,50.0,5121
24,OUACHITA,AR,4.0,1.0,1.0,98.0,5103
25,POPE,AR,3.0,1.0,1.0,,5115
26,MILLER,AR,,1.0,,,5091
27,GREENE,AR,2.0,1.0,1.0,129.0,5055
28,UNION,AR,3.0,1.0,1.0,,5139
29,CONWAY,AR,3.0,1.0,1.0,35.0,5029
30,HEMPSTEAD,AR,3.0,1.0,1.0,,5057
31,CLARK,AR,4.0,1.0,1.0,25.0,5019
32,DREW,AR,3.0,1.0,1.0,49.0,5043
33,PHILLIPS,AR,2.0,1.0,1.0,,5107
34,LITTLE RIVER,AR,,1.0,,25.0,5081
35,HOT SPRING,AR,4.0,1.0,1.0,72.0,5059
36,LAWRENCE,AR,3.0,1.0,1.0,,5075
37,CLEBURNE,AR,4.0,1.0,1.0,25.0,5023
38,FULTON,AR,4.0,1.0,1.0,,0
39,CRAWFORD,AR,3.0,1.0,1.0,,5033
40,STONE,AR,4.0,1.0,1.0,25.0,5137
41,FRANKLIN,AR,3.0,1.0,1.0,25.0,5047
42,WHITE,AR,2.0,1.0,1.0,571.0,5145
43,VAN BUREN,AR,3.0,1.0,1.0,25.0,5141
44,SCOTT,AR,,1.0,,24.0,5127
45,JEFFERSON,AR,1.0,1.0,1.0,471.0,5069
46,CHICOT,AR,3.0,1.0,1.0,25.0,5017
47,BRADLEY,AR,4.0,1.0,1.0,35.0,5011
48,COLUMBIA,AR,2.0,1.0,1.0,,5027
49,ASHLEY,AR,3.0,1.0,1.0,33.0,5003
50,JOHNSON,AR,2.0,1.0,1.0,90.0,5071
51,ST. FRANCIS,AR,3.0,1.0,1.0,,5123
0,SUFFOLK,MA,3.4444444444444446,15.0,0.8888888888888888,4061.0,25025
1,MIDDLESEX,MA,3.272727272727273,14.0,1.0,1881.0,25017
2,WORCESTER,MA,2.5714285714285716,10.0,1.0,868.0,25027
3,BRISTOL,MA,1.75,8.0,1.0,1112.0,25005
4,NORFOLK,MA,3.25,6.0,1.0,687.0,25021
5,HAMPDEN,MA,3.2,6.0,1.0,1397.0,25013
6,ESSEX,MA,2.8,6.0,1.0,1218.0,25009
7,PLYMOUTH,MA,3.3333333333333335,4.0,1.0,591.0,25023
8,BARNSTABLE,MA,5.0,3.0,1.0,354.0,25001
9,BERKSHIRE,MA,3.5,2.0,1.0,344.0,25003
10,HAMPSHIRE,MA,3.0,1.0,1.0,142.0,25015
11,FRANKLIN,MA,3.0,1.0,1.0,92.0,25011
12,DUKES,MA,4.0,1.0,1.0,19.0,25007
13,NANTUCKET,MA,3.0,1.0,1.0,19.0,25019
0,MARICOPA,AZ,3.1153846153846154,46.0,0.9230769230769231,6732.0,4013
1,PIMA,AZ,2.375,12.0,1.0,2171.0,4019
2,NAVAJO,AZ,4.0,5.0,1.0,114.0,4017
3,COCHISE,AZ,2.0,4.0,1.0,148.0,4003
4,APACHE,AZ,3.5,4.0,1.0,50.0,4001
5,MOHAVE,AZ,2.5,4.0,1.0,235.0,4015
6,COCONINO,AZ,4.5,4.0,0.5,395.0,4005
7,PINAL,AZ,3.6666666666666665,4.0,1.0,278.0,4021
8,YAVAPAI,AZ,4.0,3.0,1.0,316.0,4025
9,GILA,AZ,3.0,3.0,1.0,25.0,4007
10,LAPAZ,AZ,3.0,2.0,1.0,25.0,4012
11,YUMA,AZ,3.0,1.0,1.0,369.0,4027
12,GRAHAM,AZ,3.0,1.0,1.0,49.0,4009
13,SANTA CRUZ,AZ,,1.0,,25.0,4023
0,GREENVILLE,SC,4.166666666666667,9.0,0.8333333333333334,1430.0,45045
1,CHARLESTON,SC,3.3333333333333335,7.0,1.0,657.0,45019
2,HORRY,SC,4.0,5.0,1.0,482.0,45043
3,RICHLAND,SC,3.0,4.0,1.0,1298.0,45079
4,BEAUFORT,SC,2.5,3.0,1.0,,45013
5,FLORENCE,SC,3.0,3.0,1.0,453.0,45041
6,LEXINGTON,SC,3.5,3.0,1.0,57.0,45063
7,DARLINGTON,SC,3.0,2.0,1.0,72.0,45031
8,ANDERSON,SC,3.0,2.0,1.0,533.0,45007
9,LANCASTER,SC,2.0,2.0,1.0,,45057
10,PICKENS,SC,3.5,2.0,1.0,164.0,45077
11,YORK,SC,2.0,1.0,1.0,,45091
12,NEWBERRY,SC,4.0,1.0,1.0,,45071
13,ALLENDALE,SC,,1.0,,,45005
14,JASPER,SC,3.0,1.0,1.0,,45053
15,HAMPTON,SC,3.0,1.0,1.0,32.0,45049
16,UNION,SC,4.0,1.0,1.0,,45087
17,LAURENS,SC,4.0,1.0,1.0,76.0,45059
18,CLARENDON,SC,4.0,1.0,1.0,81.0,45027
19,GREENWOOD,SC,3.0,1.0,1.0,,45047
20,SPARTANBURG,SC,2.0,1.0,1.0,,45083
21,CHESTERFIELD,SC,2.0,1.0,1.0,59.0,45025
22,AIKEN,SC,2.0,1.0,1.0,,45003
23,ABBEVILLE,SC,3.0,1.0,1.0,,45001
24,MARION,SC,2.0,1.0,1.0,,45067
25,WILLIAMSBURG,SC,,1.0,,25.0,45089
26,CHESTER,SC,2.0,1.0,1.0,,45023
27,CHEROKEE,SC,3.0,1.0,1.0,125.0,45021
28,KERSHAW,SC,4.0,1.0,1.0,121.0,45055
29,DILLON,SC,4.0,1.0,1.0,92.0,45033
30,COLLETON,SC,3.0,1.0,1.0,,45029
31,EDGEFIELD,SC,,1.0,,,45037
32,OCONEE,SC,4.0,1.0,1.0,169.0,45073
33,ORANGEBURG,SC,1.0,1.0,0.0,,45075
34,GEORGETOWN,SC,4.0,1.0,1.0,131.0,45043
35,SUMTER,SC,2.0,1.0,1.0,283.0,45085
0,MULTNOMAH,OR,4.166666666666667,7.0,1.0,2022.0,41051
1,WASHINGTON,OR,4.25,5.0,1.0,1010.0,41067
2,LANE,OR,3.8,5.0,1.0,483.0,41039
3,MARION,OR,3.3333333333333335,4.0,1.0,522.0,41047
4,COOS,OR,3.5,3.0,1.0,,41011
5,CLACKAMAS,OR,4.0,3.0,0.6666666666666666,549.0,41005
6,JACKSON,OR,4.666666666666667,3.0,1.0,595.0,41029
7,YAMHILL,OR,4.0,2.0,1.0,40.0,41071
8,LINCOLN,OR,3.5,2.0,1.0,63.0,41041
9,DESCHUTES,OR,3.5,2.0,1.0,279.0,41017
10,DOUGLAS,OR,3.0,2.0,1.0,174.0,41019
11,CLATSOP,OR,3.5,2.0,1.0,83.0,41007
12,LINN,OR,4.5,2.0,1.0,128.0,41043
13,UMATILLA,OR,3.5,2.0,1.0,98.0,41059
14,POLK,OR,,1.0,,25.0,41053
15,WALLOWA,OR,5.0,1.0,1.0,,41063
16,JEFFERSON,OR,3.0,1.0,1.0,36.0,41031
17,UNION,OR,3.0,1.0,1.0,49.0,41061
18,HARNEY,OR,,1.0,,,0
19,TILLAMOOK,OR,4.0,1.0,1.0,49.0,41057
20,KLAMATH,OR,3.0,1.0,1.0,176.0,41035
21,HOOD RIVER,OR,4.0,1.0,1.0,32.0,41027
22,GRANT,OR,,1.0,,,41023
23,JOSEPHINE,OR,5.0,1.0,1.0,150.0,41033
24,LAKE,OR,,1.0,,,0
25,WASCO,OR,4.0,1.0,1.0,49.0,41065
26,BENTON,OR,4.0,1.0,1.0,188.0,41003
27,BAKER,OR,4.0,1.0,1.0,36.0,41001
28,MORROW,OR,,1.0,,,41049
29,CURRY,OR,3.0,1.0,1.0,,41015
30,CROOK,OR,4.0,1.0,1.0,35.0,41013
31,MALHEUR,OR,5.0,1.0,1.0,49.0,41045
0,DENVER,CO,3.8,7.0,1.0,2081.0,8031
1,BOULDER,CO,3.5,6.0,1.0,697.0,8013
2,EL PASO,CO,4.5,6.0,1.0,1105.0,8041
3,LARIMER,CO,4.333333333333333,5.0,1.0,554.0,8069
4,ARAPAHOE,CO,4.0,4.0,1.0,945.0,8005
5,MESA,CO,4.0,4.0,1.0,434.0,8077
6,ADAMS,CO,3.6666666666666665,4.0,1.0,669.0,8001
7,DOUGLAS,CO,4.666666666666667,4.0,1.0,340.0,8035
8,JEFFERSON,CO,3.5,4.0,1.0,1005.0,8059
9,PUEBLO,CO,3.0,3.0,1.0,758.0,8101
10,WELD,CO,4.0,2.0,1.0,378.0,8123
11,PHILLIPS,CO,,2.0,,,8095
12,YUMA,CO,,2.0,,,8125
13,GARFIELD,CO,4.0,2.0,1.0,78.0,8045
14,MORGAN,CO,3.0,2.0,1.0,25.0,8087
15,LA PLATA,CO,5.0,2.0,1.0,82.0,8067
16,RIO BLANCO,CO,,2.0,,,8103
17,CHAFFEE,CO,4.0,1.0,1.0,,8015
18,MOFFAT,CO,3.0,1.0,1.0,,8081
19,ALAMOSA,CO,4.0,1.0,1.0,59.0,8003
20,OTERO,CO,2.0,1.0,1.0,,8089
21,TELLER,CO,,1.0,,,8119
22,SUMMIT,CO,,1.0,,35.0,8117
23,MONTROSE,CO,5.0,1.0,1.0,75.0,8085
24,PROWERS,CO,4.0,1.0,1.0,,8099
25,SEDGWICK,CO,,1.0,,,0
26,DELTA,CO,4.0,1.0,1.0,,8029
27,MONTEZUMA,CO,4.0,1.0,1.0,25.0,8083
28,FREMONT,CO,,1.0,,,8043
29,ARCHULETA,CO,,1.0,,,8007
30,GRAND,CO,,1.0,,,8049
31,EAGLE,CO,4.0,1.0,1.0,58.0,8037
32,LAS ANIMAS,CO,5.0,1.0,1.0,25.0,8071
33,RIO GRANDE,CO,5.0,1.0,1.0,17.0,8105
34,LAKE,CO,,1.0,,,8065
35,HUERFANO,CO,4.0,1.0,1.0,,8055
36,CHEYENNE,CO,,1.0,,,0
37,KIT CARSON,CO,,1.0,,,8063
38,GUNNISON,CO,,1.0,,,8051
39,LOGAN,CO,3.0,1.0,1.0,36.0,8075
40,LINCOLN,CO,,1.0,,,8073
41,PITKIN,CO,,1.0,,,8097
42,CONEJOS,CO,,1.0,,17.0,8021
43,BACA,CO,,1.0,,,8009
44,ROUTT,CO,4.0,1.0,1.0,39.0,8107
45,KIOWA,CO,,1.0,,,0
46,BROOMFIELD,CO,4.0,1.0,1.0,196.0,8014
0,DOUGLAS,NE,4.0,11.0,1.0,2232.0,31055
1,LANCASTER,NE,4.0,5.0,0.6666666666666666,958.0,31109
2,DAWSON,NE,3.5,3.0,1.0,,31047
3,HOLT,NE,3.0,3.0,1.0,43.0,31089
4,OTOE,NE,3.0,2.0,1.0,18.0,31131
5,BUFFALO,NE,3.0,2.0,1.0,165.0,31019
6,YORK,NE,3.0,2.0,1.0,38.0,31185
7,PIERCE,NE,,2.0,,44.0,31139
8,CUSTER,NE,3.0,2.0,1.0,23.0,31041
9,SARPY,NE,4.5,2.0,1.0,222.0,31153
10,SALINE,NE,,2.0,,25.0,31151
11,PLATTE,NE,4.0,2.0,1.0,47.0,31141
12,CHASE,NE,,1.0,,,0
13,HALL,NE,2.0,1.0,1.0,130.0,31079
14,BOYD,NE,,1.0,,20.0,31015
15,THURSTON,NE,4.0,1.0,1.0,,0
16,RICHARDSON,NE,4.0,1.0,1.0,24.0,31147
17,BURT,NE,,1.0,,18.0,31021
18,COLFAX,NE,,1.0,,25.0,31037
19,SEWARD,NE,3.0,1.0,1.0,25.0,31159
20,WASHINGTON,NE,,1.0,,25.0,31177
21,CUMING,NE,4.0,1.0,1.0,25.0,31039
22,CHEYENNE,NE,3.0,1.0,1.0,25.0,31033
23,JOHNSON,NE,,1.0,,,31097
24,FURNAS,NE,,1.0,,25.0,31065
25,KNOX,NE,,1.0,,23.0,31107
26,PHELPS,NE,5.0,1.0,1.0,25.0,31137
27,LINCOLN,NE,3.0,1.0,1.0,116.0,31111
28,SHERIDAN,NE,,1.0,,,0
29,HOWARD,NE,4.0,1.0,1.0,,0
30,POLK,NE,,1.0,,,31143
31,GARDEN,NE,,1.0,,10.0,31069
32,SCOTT BLUFF,NE,1.0,1.0,1.0,166.0,31157
33,MADISON,NE,3.0,1.0,1.0,133.0,31119
34,WEBSTER,NE,,1.0,,,31181
35,FILLMORE,NE,4.0,1.0,1.0,,0
36,PAWNEE,NE,,1.0,,,0
37,MORRILL,NE,,1.0,,,0
38,SAUNDERS,NE,,1.0,,,31155
39,RED WILLOW,NE,2.0,1.0,1.0,25.0,31145
40,BOONE,NE,5.0,1.0,1.0,,0
41,MERRICK,NE,,1.0,,20.0,31121
42,DODGE,NE,4.0,1.0,1.0,,31053
43,KEARNEY,NE,,1.0,,,31099
44,ANTELOPE,NE,,1.0,,25.0,31003
45,GAGE,NE,4.0,1.0,1.0,25.0,31067
46,WAYNE,NE,4.0,1.0,1.0,25.0,31179
47,PERKINS,NE,4.0,1.0,1.0,,0
48,DAWES,NE,4.0,1.0,1.0,25.0,31045
49,BUTLER,NE,4.0,1.0,1.0,,0
50,KIMBALL,NE,,1.0,,,31105
51,HARLAN,NE,,1.0,,,0
52,DUNDY,NE,,1.0,,,0
53,NUCKOLLS,NE,5.0,1.0,1.0,25.0,31129
54,CHERRY,NE,3.0,1.0,1.0,,31031
55,KEITH,NE,,1.0,,18.0,31101
56,VALLEY,NE,3.0,1.0,1.0,,0
57,FRANKLIN,NE,,1.0,,,31061
58,ADAMS,NE,4.0,1.0,1.0,163.0,31001
59,THAYER,NE,4.0,1.0,1.0,,0
60,BROWN,NE,,1.0,,,0
61,HAMILTON,NE,3.0,1.0,1.0,14.0,31081
62,JEFFERSON,NE,4.0,1.0,1.0,17.0,31095
63,BOX BUTTE,NE,4.0,1.0,1.0,,31013
64,NEMAHA,NE,,1.0,,,31127
0,BALTIMORE CITY,MD,3.0,14.0,0.9090909090909091,5003.0,24510
1,BALTIMORE,MD,3.5,7.0,1.0,1295.0,24005
2,MONTGOMERY,MD,3.3333333333333335,7.0,1.0,1482.0,24031
3,PRINCE GEORGES,MD,1.8,5.0,1.0,769.0,24033
4,CARROLL,MD,2.0,2.0,1.0,158.0,24013
5,WASHINGTON,MD,3.0,2.0,1.0,271.0,24043
6,ALLEGANY,MD,2.0,2.0,1.0,240.0,24001
7,ANNE ARUNDEL,MD,3.5,2.0,1.0,699.0,24003
8,HARFORD,MD,3.5,2.0,1.0,320.0,24025
9,KENT,MD,4.0,1.0,1.0,64.0,24029
10,CHARLES,MD,2.0,1.0,1.0,131.0,24017
11,ST. MARYS,MD,3.0,1.0,1.0,107.0,24037
12,DORCHESTER,MD,,1.0,,,24019
13,HOWARD,MD,4.0,1.0,1.0,233.0,24027
14,CALVERT,MD,4.0,1.0,1.0,157.0,24009
15,FREDERICK,MD,2.0,1.0,1.0,248.0,24021
16,SOMERSET,MD,,1.0,,8.0,24039
17,WICOMICO,MD,5.0,1.0,1.0,400.0,24045
18,CECIL,MD,2.0,1.0,0.0,166.0,24015
19,GARRETT,MD,5.0,1.0,1.0,,24023
20,TALBOT,MD,4.0,1.0,1.0,189.0,24041
21,WORCESTER,MD,4.0,1.0,1.0,48.0,24047
0,KANAWHA,WV,2.3333333333333335,5.0,1.0,1329.0,54039
1,CABELL,WV,3.0,4.0,1.0,762.0,54011
2,HARRISON,WV,4.0,2.0,1.0,375.0,54033
3,MERCER,WV,2.0,2.0,1.0,,54055
4,MONONGALIA,WV,3.0,2.0,1.0,720.0,54061
5,OHIO,WV,1.5,2.0,1.0,730.0,54069
6,FAYETTE,WV,4.0,2.0,1.0,69.0,54019
7,RALEIGH,WV,2.0,2.0,1.0,173.0,54081
8,WETZEL,WV,4.0,1.0,1.0,,54103
9,BERKELEY,WV,4.0,1.0,1.0,241.0,54003
10,JACKSON,WV,4.0,1.0,1.0,25.0,54035
11,MORGAN,WV,5.0,1.0,1.0,25.0,54065
12,MARION,WV,2.0,1.0,1.0,252.0,54049
13,TYLER,WV,,1.0,,,54095
14,NICHOLAS,WV,,1.0,,,54067
15,MINGO,WV,3.0,1.0,1.0,,54059
16,MC DOWELL,WV,4.0,1.0,1.0,,54047
17,WEBSTER,WV,,1.0,,15.0,54101
18,TAYLOR,WV,,1.0,,102.0,54091
19,MINERAL,WV,5.0,1.0,1.0,25.0,54057
20,SUMMERS,WV,,1.0,,25.0,54089
21,HAMPSHIRE,WV,3.0,1.0,1.0,44.0,54027
22,WOOD,WV,2.0,1.0,1.0,343.0,54107
23,PRESTON,WV,5.0,1.0,1.0,25.0,54077
24,LEWIS,WV,3.0,1.0,1.0,70.0,54041
25,BOONE,WV,4.0,1.0,1.0,25.0,54005
26,BARBOUR,WV,,1.0,,72.0,54001
27,JEFFERSON,WV,4.0,1.0,1.0,25.0,54037
28,BRAXTON,WV,,1.0,,25.0,54007
29,GREENBRIER,WV,4.0,1.0,1.0,,54025
30,ROANE,WV,3.0,1.0,1.0,60.0,54087
31,RANDOLPH,WV,4.0,1.0,1.0,90.0,54083
32,HANCOCK,WV,4.0,1.0,1.0,238.0,54029
33,LOGAN,WV,3.0,1.0,1.0,,54045
34,UPSHUR,WV,3.0,1.0,1.0,51.0,54097
35,CALHOUN,WV,3.0,1.0,1.0,43.0,54013
36,POCAHONTAS,WV,,1.0,,,0
37,GRANT,WV,3.0,1.0,1.0,45.0,54023
38,MARSHALL,WV,2.0,1.0,1.0,127.0,54051
39,MASON,WV,3.0,1.0,1.0,201.0,54053
0,SALT LAKE,UT,4.0,15.0,1.0,1228.0,49035
1,UTAH,UT,4.25,7.0,1.0,491.0,49049
2,DAVIS,UT,3.5,3.0,1.0,,49011
3,CACHE,UT,5.0,2.0,1.0,148.0,49005
4,BEAVER,UT,,2.0,,,0
5,SAN JUAN,UT,,2.0,,11.0,49037
6,BOX ELDER,UT,4.0,2.0,1.0,16.0,49003
7,WEBER,UT,3.5,2.0,1.0,321.0,49057
8,MILLARD,UT,,2.0,,37.0,49027
9,SANPETE,UT,4.0,2.0,1.0,18.0,49039
10,IRON,UT,5.0,1.0,1.0,48.0,49021
11,SEVIER,UT,5.0,1.0,1.0,42.0,49041
12,SUMMIT,UT,4.0,1.0,1.0,30.0,49043
13,TOOELE,UT,4.0,1.0,1.0,,49045
14,JUAB,UT,4.0,1.0,1.0,25.0,49023
15,WASHINGTON,UT,5.0,1.0,1.0,245.0,49053
16,DUCHESNE,UT,3.0,1.0,1.0,49.0,49013
17,UINTAH,UT,4.0,1.0,1.0,,49047
18,CARBON,UT,3.0,1.0,1.0,,49007
19,GRAND,UT,,1.0,,17.0,49019
20,KANE,UT,,1.0,,,49025
21,GARFIELD,UT,4.0,1.0,1.0,,49017
22,WASATCH,UT,4.0,1.0,1.0,19.0,49051
0,PENOBSCOT,ME,3.25,6.0,1.0,573.0,23019
1,CUMBERLAND,ME,3.75,5.0,1.0,953.0,23005
2,AROOSTOOK,ME,3.5,4.0,1.0,163.0,23003
3,HANCOCK,ME,4.333333333333333,3.0,1.0,114.0,23009
4,PISCATAQUIS,ME,4.0,2.0,1.0,25.0,23021
5,WASHINGTON,ME,3.5,2.0,1.0,50.0,23029
6,OXFORD,ME,4.0,2.0,1.0,50.0,23017
7,YORK,ME,4.0,2.0,1.0,229.0,23031
8,KENNEBEC,ME,4.0,2.0,1.0,335.0,23011
9,SOMERSET,ME,4.0,2.0,1.0,50.0,23025
10,ANDROSCOGGIN,ME,2.5,2.0,1.0,483.0,23001
11,WALDO,ME,4.0,1.0,1.0,25.0,23027
12,KNOX,ME,4.0,1.0,1.0,109.0,23013
13,FRANKLIN,ME,4.0,1.0,1.0,70.0,23007
14,LINCOLN,ME,4.0,1.0,1.0,25.0,23015
0,BERNALILLO,NM,3.0,7.0,1.0,623.0,35001
1,DONA ANA,NM,1.5,4.0,1.0,,0
2,MCKINLEY,NM,2.0,4.0,1.0,69.0,35031
3,SANTA FE,NM,5.0,3.0,1.0,248.0,35049
4,CHAVES,NM,3.0,2.0,1.0,,35005
5,OTERO,NM,3.0,2.0,1.0,94.0,35035
6,SAN JUAN,NM,2.5,2.0,1.0,240.0,35045
7,LEA,NM,4.0,2.0,1.0,,35025
8,EDDY,NM,2.5,2.0,0.5,49.0,35015
9,CIBOLA,NM,4.0,2.0,1.0,25.0,35006
10,GUADALUPE,NM,,1.0,,,0
11,TAOS,NM,4.0,1.0,1.0,,35055
12,UNION,NM,,1.0,,25.0,35059
13,ROOSEVELT,NM,3.0,1.0,1.0,,35041
14,QUAY,NM,,1.0,,25.0,35037
15,COLFAX,NM,3.0,1.0,1.0,,35007
16,SAN MIGUEL,NM,3.0,1.0,1.0,,35047
17,RIO ARRIBA,NM,4.0,1.0,1.0,80.0,35039
18,SANDOVAL,NM,4.0,1.0,1.0,,35043
19,LOS ALAMOS,NM,3.0,1.0,1.0,,35028
20,GRANT,NM,4.0,1.0,1.0,,35017
21,LINCOLN,NM,5.0,1.0,1.0,25.0,35027
22,LUNA,NM,2.0,1.0,1.0,,35029
23,SIERRA,NM,,1.0,,,0
24,SOCORRO,NM,,1.0,,24.0,35053
25,CURRY,NM,3.0,1.0,1.0,106.0,35009
0,NEW HAVEN,CT,3.142857142857143,9.0,0.8571428571428571,2131.0,9009
1,FAIRFIELD,CT,2.6666666666666665,8.0,1.0,1976.0,9001
2,HARTFORD,CT,2.8333333333333335,8.0,1.0,2323.0,9003
3,MIDDLESEX,CT,3.0,3.0,1.0,275.0,9007
4,TOLLAND,CT,2.5,3.0,1.0,194.0,9013
5,WINDHAM,CT,3.5,2.0,1.0,234.0,9015
6,LITCHFIELD,CT,3.0,2.0,1.0,109.0,9005
7,NEW LONDON,CT,3.5,2.0,1.0,493.0,9011
0,ADA,ID,4.5,5.0,1.0,909.0,16001
1,CANYON,ID,4.0,3.0,1.0,152.0,16027
2,BINGHAM,ID,2.0,3.0,1.0,25.0,16011
3,IDAHO,ID,3.0,2.0,1.0,25.0,16049
4,VALLEY,ID,4.0,2.0,1.0,15.0,16085
5,KOOTENAI,ID,4.0,2.0,1.0,,16055
6,BONNEVILLE,ID,4.5,2.0,0.5,,16019
7,BEAR LAKE,ID,,1.0,,,0
8,BUTTE,ID,,1.0,,,0
9,BOUNDARY,ID,,1.0,,,16021
10,CASSIA,ID,3.0,1.0,1.0,25.0,16031
11,BENEWAH,ID,4.0,1.0,1.0,,0
12,JEROME,ID,,1.0,,25.0,16053
13,POWER,ID,,1.0,,,16077
14,MADISON,ID,4.0,1.0,1.0,,16065
15,BONNER,ID,4.0,1.0,1.0,48.0,16017
16,TWIN FALLS,ID,5.0,1.0,1.0,226.0,16083
17,LEMHI,ID,,1.0,,,0
18,ONEIDA,ID,,1.0,,,0
19,MINIDOKA,ID,4.0,1.0,1.0,,16067
20,BANNOCK,ID,5.0,1.0,1.0,,16005
21,CLEARWATER,ID,3.0,1.0,1.0,23.0,16035
22,BLAINE,ID,5.0,1.0,1.0,25.0,16013
23,NEZ PERCE,ID,2.0,1.0,1.0,145.0,16069
24,GEM,ID,,1.0,,16.0,16045
25,FRANKLIN,ID,4.0,1.0,1.0,,0
26,WASHINGTON,ID,4.0,1.0,1.0,,16087
27,LATAH,ID,4.0,1.0,1.0,25.0,16057
28,TETON,ID,,1.0,,13.0,16081
29,SHOSHONE,ID,4.0,1.0,1.0,,0
30,GOODING,ID,5.0,1.0,0.0,18.0,16047
31,ELMORE,ID,3.0,1.0,1.0,25.0,16039
32,CARIBOU,ID,,1.0,,,16029
0,GRAFTON,NH,3.8,5.0,1.0,496.0,33009
1,HILLSBOROUGH,NH,3.0,5.0,1.0,1047.0,33011
2,MERRIMACK,NH,3.6666666666666665,4.0,1.0,345.0,33013
3,ROCKINGHAM,NH,3.3333333333333335,4.0,1.0,100.0,33015
4,COOS,NH,3.6666666666666665,3.0,1.0,66.0,33007
5,CARROLL,NH,3.5,2.0,1.0,50.0,33003
6,STRAFFORD,NH,4.0,2.0,1.0,300.0,33017
7,SULLIVAN,NH,4.0,1.0,1.0,25.0,33019
8,CHESHIRE,NH,3.0,1.0,1.0,169.0,33005
9,BELKNAP,NH,3.0,1.0,1.0,143.0,33001
0,CLARK,NV,1.8666666666666667,26.0,1.0,683.0,32003
1,WASHOE,NV,3.75,7.0,1.0,1027.0,32031
2,HUMBOLDT,NV,3.0,1.0,1.0,,32013
3,WHITE PINE,NV,,1.0,,,32033
4,LYON,NV,,1.0,,14.0,32019
5,CARSON CITY,NV,4.0,1.0,1.0,190.0,32510
6,ELKO,NV,3.0,1.0,1.0,,32007
7,LANDER,NV,,1.0,,,0
8,NYE,NV,3.0,1.0,1.0,,32023
9,LINCOLN,NV,,1.0,,,0
10,CHURCHILL,NV,3.0,1.0,1.0,25.0,32001
11,MINERAL,NV,,1.0,,,0
12,PERSHING,NV,,1.0,,,0
13,DOUGLAS,NV,3.0,1.0,1.0,15.0,32005
0,FLATHEAD,MT,4.333333333333333,3.0,0.6666666666666666,213.0,30029
1,ROOSEVELT,MT,,3.0,,67.0,30085
2,DEER LODGE,MT,4.0,2.0,1.0,25.0,30023
3,CHOUTEAU,MT,,2.0,,8.0,30015
4,CASCADE,MT,3.5,2.0,1.0,398.0,30013
5,LAKE,MT,3.5,2.0,1.0,47.0,30047
6,MADISON,MT,,2.0,,16.0,30057
7,MISSOULA,MT,4.5,2.0,1.0,404.0,30063
8,GLACIER,MT,,2.0,,20.0,30035
9,LEWIS AND CLARK,MT,2.0,2.0,1.0,99.0,30049
10,GALLATIN,MT,4.0,2.0,1.0,90.0,30031
11,YELLOWSTONE,MT,4.5,2.0,1.0,590.0,30111
12,BIG HORN,MT,,2.0,,25.0,30003
13,VALLEY,MT,4.0,1.0,1.0,25.0,30105
14,CARTER,MT,,1.0,,25.0,30011
15,MCCONE,MT,,1.0,,25.0,30055
16,MEAGHER,MT,,1.0,,25.0,30059
17,RICHLAND,MT,4.0,1.0,1.0,25.0,30083
18,LIBERTY,MT,,1.0,,25.0,30051
19,ROSEBUD,MT,,1.0,,24.0,30087
20,FALLON,MT,,1.0,,25.0,30025
21,BEAVERHEAD,MT,4.0,1.0,1.0,18.0,30001
22,CARBON,MT,,1.0,,10.0,30009
23,PARK,MT,3.0,1.0,1.0,25.0,30067
24,MINERAL,MT,,1.0,,25.0,30061
25,MUSSELSHELL,MT,,1.0,,25.0,30065
26,GRANITE,MT,,1.0,,,0
27,PRAIRIE,MT,,1.0,,,0
28,BROADWATER,MT,,1.0,,9.0,30007
29,LINCOLN,MT,3.0,1.0,1.0,25.0,30053
30,STILLWATER,MT,,1.0,,10.0,30095
31,SILVER BOW,MT,4.0,1.0,1.0,98.0,30093
32,SANDERS,MT,3.0,1.0,1.0,16.0,30089
33,PHILLIPS,MT,,1.0,,6.0,30071
34,TETON,MT,,1.0,,10.0,30099
35,DANIELS,MT,,1.0,,24.0,30019
36,DAWSON,MT,,1.0,,25.0,30021
37,SWEET GRASS,MT,,1.0,,25.0,30097
38,HILL,MT,3.0,1.0,1.0,49.0,30041
39,WHEATLAND,MT,,1.0,,25.0,30107
40,PONDERA,MT,,1.0,,20.0,30073
41,BLAINE,MT,,1.0,,,0
42,RAVALLI,MT,3.0,1.0,1.0,25.0,30081
43,SHERIDAN,MT,,1.0,,19.0,30091
44,CUSTER,MT,4.0,1.0,1.0,25.0,30017
45,POWELL,MT,,1.0,,16.0,30077
46,FERGUS,MT,3.0,1.0,1.0,25.0,30027
47,GARFIELD,MT,,1.0,,,0
48,TOOLE,MT,,1.0,,,30101
0,NATRONA,WY,2.0,3.0,1.0,217.0,56025
1,UINTA,WY,4.0,2.0,1.0,,56041
2,BIG HORN,WY,4.0,2.0,1.0,,56003
3,LINCOLN,WY,4.0,2.0,1.0,,56023
4,PARK,WY,3.5,2.0,1.0,25.0,56029
5,SWEETWATER,WY,4.0,2.0,1.0,,56037
6,FREMONT,WY,3.0,1.0,1.0,,56013
7,HOT SPRINGS,WY,3.0,1.0,1.0,25.0,56017
8,PLATTE,WY,3.0,1.0,1.0,25.0,56031
9,CROOK,WY,,1.0,,,56011
10,SHERIDAN,WY,4.0,1.0,1.0,,56033
11,ALBANY,WY,3.0,1.0,1.0,,56001
12,CAMPBELL,WY,4.0,1.0,1.0,,56005
13,CONVERSE,WY,4.0,1.0,1.0,,56009
14,WASHAKIE,WY,3.0,1.0,1.0,25.0,56043
15,WESTON,WY,,1.0,,,0
16,TETON,WY,4.0,1.0,1.0,,56039
17,JOHNSON,WY,,1.0,,,56019
18,LARAMIE,WY,5.0,1.0,1.0,,56021
19,GOSHEN,WY,3.0,1.0,1.0,25.0,56015
20,NIOBRARA,WY,,1.0,,,56027
21,CARBON,WY,,1.0,,,56007
0,MINNEHAHA,SD,3.5,5.0,1.0,1083.0,46099
1,PENNINGTON,SD,2.0,3.0,1.0,423.0,46103
2,CHARLES MIX,SD,,2.0,,37.0,46023
3,LAWRENCE,SD,4.0,2.0,1.0,58.0,46081
4,YANKTON,SD,5.0,2.0,1.0,144.0,46135
5,BROWN,SD,4.0,2.0,1.0,157.0,46013
6,LINCOLN,SD,5.0,2.0,1.0,69.0,46099
7,GREGORY,SD,4.0,2.0,1.0,41.0,46053
8,HUTCHINSON,SD,3.0,2.0,1.0,50.0,46067
9,BON HOMME,SD,,2.0,,50.0,46009
10,SPINK,SD,,1.0,,,46115
11,EDMUNDS,SD,,1.0,,,0
12,ROBERTS,SD,,1.0,,25.0,46109
13,WALWORTH,SD,3.0,1.0,1.0,25.0,46129
14,DEWEY,SD,,1.0,,,0
15,FAULK,SD,,1.0,,12.0,46049
16,MEADE,SD,4.0,1.0,1.0,25.0,46093
17,DEUEL,SD,,1.0,,10.0,46039
18,BEADLE,SD,,1.0,,25.0,46005
19,MOODY,SD,,1.0,,18.0,46101
20,MC PHERSON,SD,,1.0,,6.0,46089
21,HAND,SD,4.0,1.0,1.0,25.0,46059
22,CLAY,SD,,1.0,,25.0,46027
23,BROOKINGS,SD,4.0,1.0,1.0,,46011
24,UNION,SD,,1.0,,40.0,46127
25,TRIPP,SD,,1.0,,25.0,46123
26,FALL RIVER,SD,,1.0,,25.0,46047
27,CODINGTON,SD,4.0,1.0,1.0,81.0,46029
28,BENNETT,SD,,1.0,,14.0,46007
29,MARSHALL,SD,,1.0,,20.0,46091
30,JERAULD,SD,,1.0,,16.0,46073
31,TURNER,SD,,1.0,,12.0,46125
32,HUGHES,SD,5.0,1.0,1.0,60.0,46065
33,BRULE,SD,,1.0,,25.0,46015
34,CUSTER,SD,,1.0,,11.0,46033
35,DAVISON,SD,5.0,1.0,1.0,67.0,46035
36,LAKE,SD,,1.0,,25.0,46079
37,TODD,SD,,1.0,,,46121
38,KINGSBURY,SD,,1.0,,6.0,46077
39,GRANT,SD,4.0,1.0,1.0,25.0,46051
40,HAAKON,SD,,1.0,,18.0,46055
41,DOUGLAS,SD,,1.0,,11.0,46043
42,DAY,SD,,1.0,,25.0,46037
43,POTTER,SD,,1.0,,10.0,46107
0,GRAND FORKS,ND,2.0,3.0,1.0,334.0,38035
1,CASS,ND,3.0,3.0,1.0,715.0,38017
2,WARD,ND,2.0,2.0,1.0,441.0,38101
3,ROLETTE,ND,,2.0,,25.0,38079
4,MCINTOSH,ND,,2.0,,44.0,38051
5,WALSH,ND,,2.0,,28.0,38099
6,TRAILL,ND,,2.0,,41.0,38097
7,STUTSMAN,ND,4.0,2.0,1.0,25.0,38093
8,BURLEIGH,ND,3.0,2.0,1.0,510.0,38015
9,MCLEAN,ND,,2.0,,47.0,38055
10,WILLIAMS,ND,2.0,2.0,1.0,50.0,38105
11,BARNES,ND,4.0,1.0,1.0,25.0,38003
12,BOWMAN,ND,,1.0,,23.0,38011
13,WELLS,ND,,1.0,,25.0,38103
14,GRIGGS,ND,,1.0,,18.0,38039
15,MOUNTRAIL,ND,,1.0,,11.0,38061
16,TOWNER,ND,,1.0,,20.0,38095
17,ADAMS,ND,3.0,1.0,1.0,25.0,38001
18,RAMSEY,ND,4.0,1.0,1.0,25.0,38071
19,MERCER,ND,,1.0,,13.0,38057
20,SIOUX,ND,,1.0,,,38085
21,BOTTINEAU,ND,,1.0,,25.0,38009
22,GRANT,ND,,1.0,,30.0,38037
23,DIVIDE,ND,,1.0,,15.0,38023
24,RANSOM,ND,4.0,1.0,1.0,25.0,38073
25,FOSTER,ND,4.0,1.0,1.0,25.0,38031
26,NELSON,ND,,1.0,,19.0,38063
27,PIERCE,ND,4.0,1.0,1.0,25.0,38069
28,STARK,ND,4.0,1.0,1.0,25.0,38089
29,EMMONS,ND,,1.0,,14.0,38029
30,CAVALIER,ND,,1.0,,20.0,38019
31,MCKENZIE,ND,,1.0,,24.0,38053
32,PEMBINA,ND,3.0,1.0,1.0,20.0,38067
33,DICKEY,ND,4.0,1.0,1.0,20.0,38021
0,WINDHAM,VT,2.0,3.0,1.0,123.0,50025
1,WASHINGTON,VT,5.0,2.0,1.0,175.0,50023
2,WINDSOR,VT,3.0,2.0,1.0,50.0,50027
3,FRANKLIN,VT,3.0,1.0,1.0,70.0,50011
4,ORANGE,VT,4.0,1.0,1.0,25.0,50017
5,BENNINGTON,VT,4.0,1.0,1.0,180.0,50003
6,CHITTENDEN,VT,3.0,1.0,1.0,615.0,50007
7,LAMOILLE,VT,3.0,1.0,1.0,25.0,50015
8,RUTLAND,VT,4.0,1.0,1.0,301.0,50021
9,ORLEANS,VT,3.0,1.0,1.0,25.0,50019
10,ADDISON,VT,4.0,1.0,1.0,25.0,50001
11,CALEDONIA,VT,3.0,1.0,1.0,25.0,50005
0,HONOLULU,HI,4.0,12.0,1.0,1766.0,15003
1,HAWAII,HI,3.3333333333333335,6.0,1.0,33.0,15001
2,MAUI,HI,4.0,4.0,0.0,239.0,15009
3,KAUAI,HI,4.0,3.0,1.0,71.0,15007
0,ANCHORAGE,AK,3.3333333333333335,6.0,1.0,401.0,2020
1,KENAI PENINSULA,AK,3.5,3.0,1.0,77.0,2122
2,FAIRBANKS NORTH STAR,AK,4.0,2.0,1.0,162.0,2090
3,SITKA BOROUGH,AK,,2.0,,,0
4,VALDEZ-CORDOVA,AK,,2.0,,15.0,2261
5,NORTH SLOPE BOROUH,AK,,1.0,,,0
6,KODIAK ISLAND BOROUGH,AK,,1.0,,25.0,2150
7,NOME,AK,,1.0,,,0
8,JUNEAU,AK,4.0,1.0,1.0,,0
9,KETCHIKAN GATEWAY,AK,3.0,1.0,1.0,25.0,2130
10,BETHEL,AK,3.0,1.0,1.0,,0
11,PETERSBURG BOROUGH,AK,,1.0,,12.0,2280
12,DILLINGHAM,AK,,1.0,,,0
13,WRANGELL CITY AND BOROUGH,AK,,1.0,,,0
14,MATANUSKA-SUSITNA,AK,3.0,1.0,1.0,74.0,2170
15,NORTHWEST ARTIC BOROUGH,AK,,1.0,,17.0,2188
0,PROVIDENCE,RI,2.8333333333333335,8.0,1.0,1926.0,44007
1,WASHINGTON,RI,4.5,2.0,1.0,216.0,44009
2,NEWPORT,RI,5.0,1.0,1.0,129.0,44005
3,KENT,RI,2.0,1.0,1.0,359.0,44003
0,SAN JUAN,PR,1.0,18.0,1.0,,0
1,PONCE,PR,2.0,5.0,1.0,,0
2,BAYAMON,PR,1.0,4.0,1.0,,0
3,HUMACAO,PR,,3.0,,,0
4,MAYAGUEZ,PR,2.0,3.0,1.0,,0
5,AIBONITO,PR,,2.0,,,0
6,FAJARDO,PR,,2.0,,,0
7,MANATI,PR,1.5,2.0,1.0,,0
8,ARECIBO,PR,,2.0,,,0
9,CAGUAS,PR,1.0,2.0,1.0,,0
10,SAN GERMAN,PR,,2.0,,,0
11,LARES,PR,,1.0,,,0
12,GUAYNABO,PR,,1.0,,,0
13,CABO ROJO,PR,,1.0,,,0
14,YAUCO,PR,,1.0,,,0
15,MOCA,PR,,1.0,,,0
16,VEGA BAJA,PR,,1.0,,,0
17,CIDRA,PR,,1.0,,,0
18,CAROLINA,PR,,1.0,,,0
19,CAYEY,PR,,1.0,,,0
20,AGUADILLA,PR,,1.0,,,0
21,GUAYANILLA,PR,,1.0,,,0
22,UTUADO,PR,,1.0,,,0
0,THE DISTRICT,DC,1.8333333333333333,9.0,1.0,2497.0,11001
0,NEW CASTLE,DE,2.0,6.0,1.0,1851.0,10003
1,SUSSEX,DE,3.3333333333333335,4.0,1.0,442.0,10005
2,KENT,DE,2.0,2.0,1.0,304.0,10001
0,SAINT CROIX ISLAND,VI,3.0,1.0,1.0,,0
1,SAINT THOMAS ISLAND,VI,2.0,1.0,1.0,,0
