,County,State,Average Rating,Hospitals,Emergency Services,County Beds
0,LOS ANGELES,CA,2.9027777777777777,90.0,0.5833333333333334,15072.0
1,ORANGE,CA,3.1,28.0,0.9,3054.0
2,SAN BERNARDINO,CA,2.4,22.0,0.9333333333333333,3230.0
3,SAN DIEGO,CA,4.0,21.0,0.9333333333333333,4205.0
4,RIVERSIDE,CA,2.4375,17.0,0.9375,987.0
5,ALAMEDA,CA,3.1818181818181817,16.0,1.0,2480.0
6,SANTA CLARA,CA,3.111111111111111,12.0,1.0,1925.0
7,SACRAMENTO,CA,2.875,12.0,1.0,2503.0
8,SAN FRANCISCO,CA,2.888888888888889,12.0,0.8888888888888888,2599.0
9,KERN,CA,2.125,11.0,0.875,1061.0
10,SONOMA,CA,4.0,9.0,1.0,825.0
11,CONTRA COSTA,CA,3.5714285714285716,8.0,1.0,1222.0
12,VENTURA,CA,3.1666666666666665,8.0,0.8333333333333334,927.0
13,SAN JOAQUIN,CA,2.857142857142857,8.0,0.8571428571428571,1001.0
14,FRESNO,CA,2.4,7.0,0.8,1557.0
15,SAN MATEO,CA,3.8,7.0,1.0,1118.0
16,SANTA BARBARA,CA,3.75,6.0,0.75,809.0
17,SOLANO,CA,3.0,6.0,1.0,781.0
18,HUMBOLDT,CA,3.3333333333333335,5.0,1.0,165.0
19,STANISLAUS,CA,2.5,5.0,1.0,652.0
20,TULARE,CA,1.5,4.0,1.0,
21,SANTA CRUZ,CA,3.0,4.0,1.0,252.0
22,BUTTE,CA,2.75,4.0,1.0,575.0
23,MONTEREY,CA,3.5,4.0,1.0,326.0
24,SHASTA,CA,2.0,4.0,1.0,267.0
25,PLUMAS,CA,,3.0,,
26,PLACER,CA,4.0,3.0,1.0,735.0
27,MENDOCINO,CA,3.6666666666666665,3.0,1.0,152.0
28,NAPA,CA,3.5,3.0,0.5,352.0
29,MARIN,CA,4.0,3.0,1.0,520.0
30,SAN LUIS OBISPO,CA,2.6666666666666665,3.0,1.0,135.0
31,LAKE,CA,4.0,2.0,1.0,62.0
32,NEVADA,CA,3.0,2.0,1.0,124.0
33,MADERA,CA,1.0,2.0,0.0,454.0
34,INYO,CA,3.0,2.0,1.0,
35,IMPERIAL,CA,1.5,2.0,1.0,
36,MODOC,CA,,2.0,,26.0
37,MERCED,CA,2.0,2.0,1.0,234.0
38,YOLO,CA,3.5,2.0,1.0,170.0
39,EL DORADO,CA,4.0,2.0,1.0,171.0
40,SISKIYOU,CA,3.0,2.0,1.0,53.0
41,GLENN,CA,,1.0,,47.0
42,CALAVERAS,CA,3.0,1.0,0.0,25.0
43,YUBA,CA,1.0,1.0,1.0,173.0
44,MARIPOSA,CA,3.0,1.0,1.0,
45,DEL NORTE,CA,3.0,1.0,1.0,49.0
46,AMADOR,CA,4.0,1.0,1.0,84.0
47,TRINITY,CA,,1.0,,
48,COLUSA,CA,,1.0,,
49,KINGS,CA,2.0,1.0,1.0,199.0
50,MONO,CA,,1.0,,
51,SAN BENITO,CA,2.0,1.0,0.0,
52,TUOLUMNE,CA,3.0,1.0,0.0,143.0
53,SUTTER,CA,,1.0,,14.0
54,LASSEN,CA,4.0,1.0,1.0,38.0
55,TEHAMA,CA,3.0,1.0,1.0,76.0
0,HARRIS,TX,3.217391304347826,47.0,1.0,7569.0
1,DALLAS,TX,3.3125,30.0,0.9375,3868.0
2,TARRANT,TX,3.5625,26.0,0.9375,3366.0
3,BEXAR,TX,3.125,18.0,1.0,3377.0
4,TRAVIS,TX,4.0,17.0,1.0,2462.0
5,COLLIN,TX,3.3333333333333335,14.0,1.0,1000.0
6,DENTON,TX,3.4285714285714284,13.0,0.8571428571428571,618.0
7,EL PASO,TX,2.857142857142857,13.0,1.0,122.0
8,WILLIAMSON,TX,4.0,8.0,1.0,539.0
9,MONTGOMERY,TX,3.0,7.0,1.0,353.0
10,FORT BEND,TX,3.4,7.0,1.0,648.0
11,LUBBOCK,TX,3.0,6.0,1.0,941.0
12,HIDALGO,TX,3.4,6.0,1.0,530.0
13,CAMERON,TX,3.75,6.0,1.0,882.0
14,BELL,TX,3.6666666666666665,5.0,1.0,877.0
15,WICHITA,TX,4.5,5.0,0.5,565.0
16,BRAZOS,TX,3.6666666666666665,5.0,0.6666666666666666,435.0
17,SMITH,TX,4.25,4.0,1.0,1038.0
18,NUECES,TX,3.3333333333333335,4.0,0.6666666666666666,1249.0
19,HAYS,TX,4.0,4.0,1.0,315.0
20,TAYLOR,TX,3.5,3.0,1.0,511.0
21,JOHNSON,TX,4.0,3.0,1.0,366.0
22,POTTER,TX,3.0,3.0,1.0,492.0
23,CHEROKEE,TX,3.5,3.0,1.0,99.0
24,ANGELINA,TX,3.5,3.0,1.0,271.0
25,JEFFERSON,TX,2.3333333333333335,3.0,1.0,1149.0
26,GRAYSON,TX,2.0,3.0,1.0,255.0
27,GALVESTON,TX,3.0,3.0,1.0,30.0
28,TOM GREEN,TX,4.5,3.0,1.0,401.0
29,BRAZORIA,TX,3.5,3.0,1.0,165.0
30,GREGG,TX,2.0,3.0,1.0,149.0
31,KERR,TX,3.0,2.0,1.0,145.0
32,ELLIS,TX,4.0,2.0,1.0,104.0
33,YOUNG,TX,3.0,2.0,1.0,
34,COOKE,TX,2.0,2.0,1.0,
35,NACOGDOCHES,TX,3.5,2.0,1.0,
36,HOWARD,TX,2.0,2.0,1.0,
37,WOOD,TX,5.0,2.0,1.0,60.0
38,MIDLAND,TX,2.0,2.0,1.0,
39,MATAGORDA,TX,3.0,2.0,1.0,17.0
40,LIBERTY,TX,,2.0,,
41,WEBB,TX,3.5,2.0,1.0,
42,COLORADO,TX,4.0,2.0,1.0,40.0
43,WHEELER,TX,,2.0,,
44,HUNT,TX,3.0,2.0,1.0,
45,UPTON,TX,,2.0,,
46,RUNNELS,TX,,2.0,,
47,VICTORIA,TX,4.5,2.0,1.0,
48,CHAMBERS,TX,,2.0,,
49,BURNET,TX,4.5,2.0,1.0,71.0
50,BOWIE,TX,2.5,2.0,1.0,376.0
51,ECTOR,TX,1.5,2.0,1.0,
52,HALE,TX,5.0,2.0,1.0,100.0
53,LIMESTONE,TX,3.0,2.0,1.0,
54,PECOS,TX,,2.0,,
55,JONES,TX,,2.0,,
56,MC LENNAN,TX,3.0,2.0,1.0,514.0
57,HARDEMAN,TX,,2.0,,
58,KAUFMAN,TX,3.0,2.0,1.0,91.0
59,LAVACA,TX,4.0,2.0,1.0,25.0
60,PALO PINTO,TX,2.0,1.0,1.0,
61,DIMMIT,TX,,1.0,,
62,HUTCHINSON,TX,,1.0,,
63,KNOX,TX,,1.0,,
64,WILBARGER,TX,3.0,1.0,1.0,
65,SOMERVELL,TX,3.0,1.0,1.0,
66,PARKER,TX,3.0,1.0,1.0,
67,MC CULLOCH,TX,,1.0,,25.0
68,REFUGIO,TX,,1.0,,
69,DE WITT,TX,4.0,1.0,1.0,
70,EASTLAND,TX,4.0,1.0,1.0,
71,DEAF SMITH,TX,2.0,1.0,1.0,
72,WILSON,TX,4.0,1.0,1.0,
73,LAMAR,TX,2.0,1.0,1.0,
74,JIM WELLS,TX,4.0,1.0,1.0,135.0
75,SAN PATRICIO,TX,4.0,1.0,1.0,
76,GILLESPIE,TX,5.0,1.0,1.0,86.0
77,WISE,TX,2.0,1.0,1.0,
78,CALHOUN,TX,,1.0,,
79,WHARTON,TX,3.0,1.0,1.0,49.0
80,ANDREWS,TX,3.0,1.0,1.0,
81,SABINE,TX,,1.0,,
82,JACKSON,TX,,1.0,,
83,BOSQUE,TX,4.0,1.0,1.0,
84,JACK,TX,,1.0,,
85,CROSBY,TX,,1.0,,25.0
86,MONTAGUE,TX,3.0,1.0,1.0,
87,VAN ZANDT,TX,,1.0,,
88,HOOD,TX,4.0,1.0,1.0,
89,STARR,TX,4.0,1.0,1.0,
90,CHILDRESS,TX,4.0,1.0,1.0,
91,DALLAM,TX,,1.0,,
92,ERATH,TX,4.0,1.0,1.0,98.0
93,UVALDE,TX,4.0,1.0,1.0,
94,ANDERSON,TX,2.0,1.0,1.0,
95,FREESTONE,TX,3.0,1.0,1.0,48.0
96,FAYETTE,TX,4.0,1.0,1.0,65.0
97,LYNN,TX,,1.0,,
98,NAVARRO,TX,3.0,1.0,1.0,
99,SUTTON,TX,,1.0,,
100,GUADALUPE,TX,2.0,1.0,1.0,
101,HANSFORD,TX,,1.0,,
102,WASHINGTON,TX,3.0,1.0,1.0,99.0
103,HENDERSON,TX,3.0,1.0,1.0,127.0
104,FANNIN,TX,3.0,1.0,1.0,
105,ROCKWALL,TX,5.0,1.0,1.0,61.0
106,THROCKMORTON,TX,,1.0,,
107,HOUSTON,TX,,1.0,,
108,COMAL,TX,4.0,1.0,1.0,
109,KIMBLE,TX,,1.0,,
110,RUSK,TX,2.0,1.0,0.0,158.0
111,BURLESON,TX,,1.0,,25.0
112,BEE,TX,3.0,1.0,1.0,69.0
113,CALDWELL,TX,4.0,1.0,1.0,25.0
114,GRIMES,TX,,1.0,,25.0
115,KLEBERG,TX,2.0,1.0,1.0,106.0
116,PANOLA,TX,2.0,1.0,1.0,42.0
117,WINKLER,TX,,1.0,,
118,HOPKINS,TX,3.0,1.0,1.0,96.0
119,MILAM,TX,,1.0,,
120,HILL,TX,3.0,1.0,1.0,
121,SWISHER,TX,3.0,1.0,1.0,20.0
122,FRIO,TX,,1.0,,22.0
123,GAINES,TX,,1.0,,
124,BAYLOR,TX,4.0,1.0,1.0,
125,COCHRAN,TX,,1.0,,
126,AUSTIN,TX,,1.0,,32.0
127,TERRY,TX,,1.0,,
128,LAMB,TX,,1.0,,
129,JASPER,TX,4.0,1.0,1.0,59.0
130,SCURRY,TX,3.0,1.0,1.0,
131,WARD,TX,,1.0,,
132,BAILEY,TX,,1.0,,
133,MAVERICK,TX,3.0,1.0,1.0,
134,MITCHELL,TX,3.0,1.0,1.0,
135,HOCKLEY,TX,3.0,1.0,1.0,78.0
136,REAGAN,TX,,1.0,,
137,VAL VERDE,TX,2.0,1.0,1.0,93.0
138,STONEWALL,TX,,1.0,,
139,YOAKUM,TX,,1.0,,
140,MADISON,TX,,1.0,,25.0
141,CLAY,TX,,1.0,,
142,NOLAN,TX,4.0,1.0,1.0,
143,FALLS,TX,,1.0,,44.0
144,OCHILTREE,TX,4.0,1.0,1.0,
145,HASKELL,TX,,1.0,,
146,LLANO,TX,3.0,1.0,1.0,30.0
147,BASTROP,TX,,1.0,,36.0
148,CASTRO,TX,,1.0,,
149,STEPHENS,TX,4.0,1.0,1.0,
150,FISHER,TX,,1.0,,
151,GONZALES,TX,4.0,1.0,1.0,
152,HAMILTON,TX,,1.0,,
153,CONCHO,TX,,1.0,,
154,COLEMAN,TX,1.0,1.0,1.0,
155,MOORE,TX,3.0,1.0,1.0,
156,COMANCHE,TX,,1.0,,38.0
157,DAWSON,TX,,1.0,,
158,TYLER,TX,3.0,1.0,1.0,
159,SAN AUGUSTINE,TX,,1.0,,18.0
160,ATASCOSA,TX,5.0,1.0,1.0,67.0
161,BROWN,TX,2.0,1.0,1.0,
162,MARTIN,TX,,1.0,,
163,MEDINA,TX,3.0,1.0,1.0,
164,CORYELL,TX,3.0,1.0,1.0,
165,BREWSTER,TX,4.0,1.0,1.0,
166,SCHLEICHER,TX,,1.0,,
167,WALKER,TX,1.0,1.0,1.0,144.0
168,GRAY,TX,5.0,1.0,1.0,115.0
169,HEMPHILL,TX,,1.0,,
170,CRANE,TX,,1.0,,
171,COLLINGSWORTH,TX,,1.0,,
172,CAMP,TX,4.0,1.0,1.0,25.0
173,FLOYD,TX,,1.0,,
174,KARNES,TX,4.0,1.0,1.0,
175,LAMPASAS,TX,3.0,1.0,1.0,25.0
176,REEVES,TX,,1.0,,
177,TITUS,TX,3.0,1.0,1.0,
178,PARMER,TX,,1.0,,25.0
179,CULBERSON,TX,,1.0,,
180,POLK,TX,3.0,1.0,1.0,66.0
0,MIAMI-DADE,FL,2.3125,19.0,1.0,2729.0
1,BROWARD,FL,2.5,17.0,0.7857142857142857,714.0
2,PALM BEACH,FL,2.1666666666666665,13.0,1.0,1044.0
3,PINELLAS,FL,2.9,12.0,1.0,2409.0
4,DUVAL,FL,3.5714285714285716,10.0,1.0,2885.0
5,BREVARD,FL,3.0,9.0,1.0,900.0
6,HILLSBOROUGH,FL,3.125,9.0,1.0,2816.0
7,ORANGE,FL,3.6666666666666665,7.0,1.0,4405.0
8,PASCO,FL,3.0,7.0,0.8333333333333334,448.0
9,MANATEE,FL,2.0,5.0,1.0,
10,LAKE,FL,2.5,5.0,0.5,930.0
11,LEE,FL,3.25,5.0,1.0,
12,POLK,FL,1.6,5.0,1.0,1452.0
13,VOLUSIA,FL,2.2,5.0,0.8,839.0
14,SANTA ROSA,FL,3.6666666666666665,4.0,1.0,132.0
15,OSCEOLA,FL,2.0,4.0,1.0,
16,OKALOOSA,FL,3.0,4.0,1.0,
17,SARASOTA,FL,3.75,4.0,1.0,
18,ST. LUCIE,FL,1.5,3.0,1.0,
19,BAY,FL,2.5,3.0,1.0,323.0
20,COLLIER,FL,3.0,3.0,1.0,716.0
21,MARION,FL,2.0,3.0,1.0,421.0
22,LEON,FL,2.0,3.0,1.0,772.0
23,CHARLOTTE,FL,1.3333333333333333,3.0,1.0,
24,HERNANDO,FL,1.5,3.0,1.0,
25,MONROE,FL,4.0,3.0,1.0,50.0
26,ESCAMBIA,FL,3.3333333333333335,3.0,1.0,1035.0
27,SEMINOLE,FL,3.0,2.0,1.0,
28,INDIAN RIVER,FL,2.5,2.0,1.0,339.0
29,ALACHUA,FL,2.0,2.0,1.0,996.0
30,CLAY,FL,3.0,2.0,1.0,64.0
31,CITRUS,FL,1.5,2.0,1.0,198.0
32,COLUMBIA,FL,3.0,2.0,1.0,
33,WALTON,FL,4.0,2.0,1.0,58.0
34,HIGHLANDS,FL,3.0,2.0,0.5,161.0
35,MARTIN,FL,1.0,2.0,1.0,344.0
36,UNION,FL,,1.0,,
37,NASSAU,FL,5.0,1.0,1.0,62.0
38,CALHOUN,FL,,1.0,,25.0
39,TAYLOR,FL,2.0,1.0,1.0,48.0
40,PUTNAM,FL,2.0,1.0,1.0,
41,BAKER,FL,3.0,1.0,1.0,25.0
42,LEVY,FL,,1.0,,
43,FRANKLIN,FL,,1.0,,
44,HENDRY,FL,3.0,1.0,1.0,
45,DE SOTO,FL,3.0,1.0,1.0,
46,MADISON,FL,,1.0,,25.0
47,HOLMES,FL,4.0,1.0,0.0,20.0
48,JACKSON,FL,3.0,1.0,1.0,
49,BRADFORD,FL,3.0,1.0,1.0,
50,WASHINGTON,FL,,1.0,,
51,ST. JOHNS,FL,4.0,1.0,1.0,335.0
52,GULF,FL,5.0,1.0,1.0,19.0
53,HARDEE,FL,5.0,1.0,1.0,25.0
54,OKEECHOBEE,FL,2.0,1.0,1.0,
55,SUWANNEE,FL,3.0,1.0,1.0,
56,FLAGLER,FL,3.0,1.0,1.0,99.0
57,GADSDEN,FL,,1.0,,
0,COOK,IL,2.8444444444444446,58.0,1.0,14979.0
1,DU PAGE,IL,3.8333333333333335,7.0,0.8333333333333334,1657.0
2,KANE,IL,4.2,6.0,1.0,1175.0
3,MADISON,IL,3.0,6.0,1.0,694.0
4,LAKE,IL,3.6,6.0,0.8,660.0
5,ST. CLAIR,IL,3.0,4.0,1.0,804.0
6,LA SALLE,IL,4.666666666666667,3.0,1.0,140.0
7,PEORIA,IL,3.0,3.0,1.0,1520.0
8,WINNEBAGO,IL,2.3333333333333335,3.0,1.0,1082.0
9,RANDOLPH,IL,3.6666666666666665,3.0,1.0,
10,CHAMPAIGN,IL,3.0,3.0,1.0,584.0
11,SANGAMON,IL,2.0,3.0,1.0,1293.0
12,WILL,IL,3.0,3.0,1.0,885.0
13,UNION,IL,4.0,2.0,1.0,
14,MC HENRY,IL,4.0,2.0,0.5,202.0
15,KNOX,IL,3.0,2.0,1.0,166.0
16,WHITESIDE,IL,3.0,2.0,1.0,
17,MC LEAN,IL,3.5,2.0,1.0,356.0
18,VERMILION,IL,2.0,2.0,1.0,233.0
19,WILLIAMSON,IL,2.0,2.0,1.0,104.0
20,DE KALB,IL,4.5,2.0,1.0,119.0
21,ROCK ISLAND,IL,2.5,2.0,1.0,220.0
22,MACON,IL,2.5,2.0,1.0,727.0
23,MARION,IL,4.5,2.0,1.0,125.0
24,SALINE,IL,2.5,2.0,1.0,103.0
25,PERRY,IL,2.5,2.0,1.0,25.0
26,TAZEWELL,IL,2.0,2.0,1.0,157.0
27,MONTGOMERY,IL,3.5,2.0,1.0,50.0
28,BUREAU,IL,3.0,2.0,1.0,90.0
29,JACKSON,IL,2.5,2.0,1.0,165.0
30,KANKAKEE,IL,3.5,2.0,1.0,511.0
31,HENRY,IL,4.0,2.0,1.0,25.0
32,CHRISTIAN,IL,3.5,2.0,1.0,50.0
33,MACOUPIN,IL,,2.0,,50.0
34,JEFFERSON,IL,3.5,2.0,1.0,175.0
35,EFFINGHAM,IL,3.0,1.0,1.0,146.0
36,SCHUYLER,IL,,1.0,,
37,LEE,IL,3.0,1.0,1.0,80.0
38,IROQUOIS,IL,2.0,1.0,1.0,94.0
39,GRUNDY,IL,4.0,1.0,1.0,89.0
40,COLES,IL,3.0,1.0,1.0,203.0
41,BOND,IL,4.0,1.0,1.0,60.0
42,HAMILTON,IL,2.0,1.0,1.0,
43,SHELBY,IL,4.0,1.0,1.0,30.0
44,WABASH,IL,5.0,1.0,1.0,
45,FAYETTE,IL,,1.0,,
46,RICHLAND,IL,3.0,1.0,1.0,151.0
47,FRANKLIN,IL,3.0,1.0,1.0,
48,LOGAN,IL,4.0,1.0,1.0,15.0
49,HARDIN,IL,,1.0,,25.0
50,FULTON,IL,4.0,1.0,1.0,144.0
51,PIKE,IL,3.0,1.0,1.0,25.0
52,PIATT,IL,,1.0,,16.0
53,GREENE,IL,,1.0,,25.0
54,CLAY,IL,2.0,1.0,1.0,
55,WAYNE,IL,4.0,1.0,1.0,15.0
56,CRAWFORD,IL,4.0,1.0,1.0,25.0
57,MASON,IL,4.0,1.0,1.0,
58,WOODFORD,IL,3.0,1.0,1.0,18.0
59,JERSEY,IL,5.0,1.0,1.0,
60,JO DAVIESS,IL,,1.0,,19.0
61,ADAMS,IL,4.0,1.0,1.0,312.0
62,OGLE,IL,,1.0,,25.0
63,HANCOCK,IL,4.0,1.0,1.0,48.0
64,CLINTON,IL,5.0,1.0,1.0,96.0
65,LAWRENCE,IL,,1.0,,25.0
66,DE WITT,IL,,1.0,,
67,FORD,IL,,1.0,,25.0
68,MASSAC,IL,3.0,1.0,1.0,
69,MERCER,IL,4.0,1.0,1.0,22.0
70,WASHINGTON,IL,,1.0,,
71,MORGAN,IL,4.0,1.0,1.0,93.0
72,EDGAR,IL,4.0,1.0,1.0,15.0
73,MC DONOUGH,IL,2.0,1.0,1.0,
74,WARREN,IL,4.0,1.0,1.0,23.0
75,LIVINGSTON,IL,4.0,1.0,0.0,81.0
76,STEPHENSON,IL,4.0,1.0,1.0,203.0
0,NEW YORK,NY,3.0,16.0,1.0,7607.0
1,SUFFOLK,NY,2.5,14.0,1.0,2496.0
2,KINGS,NY,1.4166666666666667,13.0,0.9166666666666666,3344.0
3,WESTCHESTER,NY,2.3333333333333335,11.0,1.0,2158.0
4,NASSAU,NY,2.7,10.0,1.0,4256.0
5,ERIE,NY,2.3333333333333335,9.0,1.0,2190.0
6,BRONX,NY,1.1666666666666667,7.0,1.0,2516.0
7,QUEENS,NY,1.1666666666666667,7.0,1.0,1509.0
8,MONROE,NY,2.0,6.0,1.0,1839.0
9,ST. LAWRENCE,NY,3.75,6.0,1.0,269.0
10,ORANGE,NY,3.5,6.0,1.0,895.0
11,ROCKLAND,NY,1.5,5.0,1.0,644.0
12,ONONDAGA,NY,2.0,4.0,1.0,897.0
13,ONEIDA,NY,1.3333333333333333,4.0,1.0,733.0
14,ALBANY,NY,1.6666666666666667,4.0,1.0,1361.0
15,ULSTER,NY,2.5,3.0,1.0,407.0
16,CHEMUNG,NY,2.0,3.0,1.0,391.0
17,BROOME,NY,2.0,3.0,1.0,767.0
18,DELAWARE,NY,3.0,3.0,1.0,72.0
19,NIAGARA,NY,2.0,3.0,1.0,498.0
20,STEUBEN,NY,3.6666666666666665,3.0,0.6666666666666666,288.0
21,CHAUTAUQUA,NY,2.5,3.0,1.0,157.0
22,ONTARIO,NY,2.3333333333333335,3.0,1.0,399.0
23,RENSSELAER,NY,2.5,3.0,1.0,454.0
24,JEFFERSON,NY,3.0,3.0,1.0,336.0
25,RICHMOND,NY,1.0,3.0,1.0,1187.0
26,SULLIVAN,NY,2.0,2.0,1.0,179.0
27,FRANKLIN,NY,2.0,2.0,1.0,171.0
28,DUTCHESS,NY,2.5,2.0,1.0,433.0
29,ALLEGANY,NY,1.0,2.0,1.0,90.0
30,SARATOGA,NY,4.0,2.0,1.0,171.0
31,MADISON,NY,3.5,2.0,1.0,126.0
32,OTSEGO,NY,1.5,2.0,1.0,240.0
33,SCHENECTADY,NY,1.0,2.0,1.0,483.0
34,PUTNAM,NY,4.0,1.0,1.0,164.0
35,WARREN,NY,2.0,1.0,1.0,442.0
36,SCHUYLER,NY,,1.0,,25.0
37,YATES,NY,3.0,1.0,1.0,35.0
38,FULTON,NY,3.0,1.0,1.0,74.0
39,CLINTON,NY,4.0,1.0,1.0,300.0
40,SCHOHARIE,NY,,1.0,,
41,WAYNE,NY,2.0,1.0,1.0,120.0
42,CAYUGA,NY,1.0,1.0,1.0,99.0
43,COLUMBIA,NY,1.0,1.0,1.0,124.0
44,GENESEE,NY,3.0,1.0,1.0,166.0
45,CORTLAND,NY,3.0,1.0,1.0,181.0
46,CATTARAUGUS,NY,2.0,1.0,1.0,186.0
47,HERKIMER,NY,,1.0,,25.0
48,ORLEANS,NY,3.0,1.0,1.0,34.0
49,WYOMING,NY,3.0,1.0,1.0,
50,OSWEGO,NY,3.0,1.0,1.0,132.0
51,ESSEX,NY,,1.0,,15.0
52,LEWIS,NY,3.0,1.0,1.0,
53,CHENANGO,NY,2.0,1.0,1.0,58.0
54,TOMPKINS,NY,2.0,1.0,1.0,212.0
55,LIVINGSTON,NY,2.0,1.0,1.0,72.0
56,MONTGOMERY,NY,3.0,1.0,1.0,149.0
0,PHILADELPHIA,PA,2.4615384615384617,22.0,0.9230769230769231,5387.0
1,ALLEGHENY,PA,3.066666666666667,18.0,1.0,6661.0
2,MONTGOMERY,PA,3.125,15.0,1.0,2308.0
3,BUCKS,PA,3.2,8.0,1.0,1052.0
4,BERKS,PA,4.0,5.0,1.0,879.0
5,CHESTER,PA,3.4,5.0,1.0,420.0
6,YORK,PA,2.6666666666666665,5.0,1.0,888.0
7,WASHINGTON,PA,3.6666666666666665,4.0,1.0,574.0
8,LACKAWANNA,PA,2.0,4.0,1.0,857.0
9,DELAWARE,PA,2.25,4.0,1.0,1578.0
10,LANCASTER,PA,4.0,4.0,1.0,799.0
11,WESTMORELAND,PA,3.6666666666666665,4.0,1.0,762.0
12,MERCER,PA,3.3333333333333335,4.0,1.0,492.0
13,LUZERNE,PA,2.3333333333333335,4.0,1.0,426.0
14,NORTHAMPTON,PA,4.333333333333333,4.0,1.0,710.0
15,ERIE,PA,3.0,4.0,1.0,935.0
16,LYCOMING,PA,4.333333333333333,3.0,1.0,283.0
17,DAUPHIN,PA,4.0,3.0,0.5,717.0
18,BRADFORD,PA,3.0,3.0,1.0,432.0
19,BLAIR,PA,3.6666666666666665,3.0,1.0,500.0
20,SOMERSET,PA,3.5,3.0,1.0,185.0
21,CUMBERLAND,PA,3.5,3.0,1.0,315.0
22,LEHIGH,PA,3.5,3.0,1.0,1012.0
23,MONROE,PA,3.5,2.0,1.0,311.0
24,JEFFERSON,PA,3.5,2.0,1.0,84.0
25,FRANKLIN,PA,5.0,2.0,1.0,313.0
26,FAYETTE,PA,2.5,2.0,1.0,254.0
27,CLARION,PA,2.0,2.0,1.0,82.0
28,CLEARFIELD,PA,2.0,2.0,1.0,339.0
29,CLINTON,PA,4.0,2.0,1.0,21.0
30,CRAWFORD,PA,3.5,2.0,1.0,228.0
31,COLUMBIA,PA,4.0,2.0,1.0,72.0
32,WARREN,PA,2.0,2.0,1.0,85.0
33,LAWRENCE,PA,2.5,2.0,1.0,237.0
34,CENTRE,PA,5.0,2.0,1.0,260.0
35,CAMBRIA,PA,1.5,2.0,1.0,516.0
36,MONTOUR,PA,3.0,2.0,1.0,530.0
37,SUSQUEHANNA,PA,3.0,2.0,1.0,50.0
38,CARBON,PA,2.0,2.0,1.0,229.0
39,LEBANON,PA,3.0,2.0,1.0,196.0
40,SCHUYLKILL,PA,3.0,2.0,1.0,288.0
41,NORTHUMBERLND,PA,3.0,1.0,0.0,
42,HUNTINGDON,PA,4.0,1.0,1.0,100.0
43,FULTON,PA,4.0,1.0,1.0,21.0
44,MC KEAN,PA,3.0,1.0,1.0,31.0
45,BEDFORD,PA,3.0,1.0,1.0,95.0
46,MIFFLIN,PA,4.0,1.0,1.0,123.0
47,WYOMING,PA,5.0,1.0,1.0,60.0
48,INDIANA,PA,3.0,1.0,1.0,164.0
49,TIOGA,PA,4.0,1.0,1.0,25.0
50,BEAVER,PA,4.0,1.0,1.0,361.0
51,ARMSTRONG,PA,3.0,1.0,1.0,154.0
52,ELK,PA,4.0,1.0,1.0,35.0
53,UNION,PA,4.0,1.0,1.0,132.0
54,VENANGO,PA,4.0,1.0,1.0,173.0
55,POTTER,PA,4.0,1.0,1.0,59.0
56,ADAMS,PA,4.0,1.0,1.0,76.0
57,BUTLER,PA,4.0,1.0,1.0,296.0
58,GREENE,PA,3.0,1.0,1.0,69.0
59,WAYNE,PA,4.0,1.0,1.0,112.0
0,CUYAHOGA,OH,4.066666666666666,18.0,0.8,6004.0
1,FRANKLIN,OH,3.5714285714285716,16.0,1.0,3542.0
2,HAMILTON,OH,3.7142857142857144,13.0,0.8571428571428571,4292.0
3,LUCAS,OH,3.2857142857142856,9.0,0.8571428571428571,2036.0
4,MONTGOMERY,OH,4.5,7.0,1.0,2284.0
5,SUMMIT,OH,3.6666666666666665,7.0,1.0,2209.0
6,ASHTABULA,OH,4.0,5.0,1.0,413.0
7,BUTLER,OH,3.5,5.0,1.0,837.0
8,LORAIN,OH,4.0,5.0,0.75,868.0
9,MAHONING,OH,3.6666666666666665,5.0,0.6666666666666666,693.0
10,STARK,OH,3.3333333333333335,4.0,1.0,1535.0
11,ALLEN,OH,3.0,4.0,0.5,737.0
12,CLARK,OH,3.0,3.0,1.0,254.0
13,RICHLAND,OH,3.3333333333333335,3.0,1.0,409.0
14,GREENE,OH,3.5,3.0,1.0,330.0
15,TUSCARAWAS,OH,5.0,3.0,1.0,245.0
16,DEFIANCE,OH,4.0,3.0,1.0,58.0
17,SENECA,OH,3.5,3.0,1.0,135.0
18,WAYNE,OH,4.0,2.0,1.0,25.0
19,SCIOTO,OH,3.0,2.0,0.0,247.0
20,WASHINGTON,OH,3.5,2.0,1.0,229.0
21,COLUMBIANA,OH,4.0,2.0,1.0,396.0
22,HIGHLAND,OH,3.0,2.0,1.0,25.0
23,GUERNSEY,OH,3.0,2.0,1.0,221.0
24,SANDUSKY,OH,3.5,2.0,1.0,249.0
25,TRUMBULL,OH,2.0,2.0,1.0,722.0
26,MEDINA,OH,4.0,2.0,1.0,177.0
27,HURON,OH,4.0,2.0,1.0,127.0
28,VAN WERT,OH,3.0,2.0,1.0,120.0
29,WILLIAMS,OH,4.0,2.0,1.0,105.0
30,BELMONT,OH,2.0,2.0,1.0,186.0
31,CRAWFORD,OH,3.0,2.0,0.5,50.0
32,WARREN,OH,4.0,2.0,1.0,328.0
33,ATHENS,OH,3.0,2.0,1.0,114.0
34,LAKE,OH,3.0,2.0,1.0,399.0
35,DARKE,OH,5.0,1.0,1.0,92.0
36,PAULDING,OH,,1.0,,
37,MIAMI,OH,3.0,1.0,1.0,178.0
38,OTTAWA,OH,5.0,1.0,1.0,15.0
39,GEAUGA,OH,4.0,1.0,1.0,126.0
40,HOLMES,OH,5.0,1.0,1.0,55.0
41,UNION,OH,4.0,1.0,1.0,
42,FAYETTE,OH,3.0,1.0,1.0,
43,AUGLAIZE,OH,4.0,1.0,1.0,113.0
44,HARRISON,OH,,1.0,,25.0
45,HARDIN,OH,4.0,1.0,1.0,25.0
46,MARION,OH,3.0,1.0,1.0,389.0
47,PORTAGE,OH,4.0,1.0,1.0,302.0
48,JEFFERSON,OH,3.0,1.0,0.0,519.0
49,ERIE,OH,4.0,1.0,1.0,400.0
50,HENRY,OH,4.0,1.0,1.0,25.0
51,ASHLAND,OH,3.0,1.0,0.0,123.0
52,PIKE,OH,4.0,1.0,1.0,25.0
53,FULTON,OH,4.0,1.0,1.0,35.0
54,CLERMONT,OH,4.0,1.0,0.0,157.0
55,MORROW,OH,4.0,1.0,1.0,
56,HANCOCK,OH,4.0,1.0,1.0,239.0
57,ROSS,OH,4.0,1.0,1.0,261.0
58,DELAWARE,OH,4.0,1.0,1.0,130.0
59,HOCKING,OH,3.0,1.0,1.0,
60,GALLIA,OH,2.0,1.0,1.0,287.0
61,ADAMS,OH,2.0,1.0,1.0,
62,COSHOCTON,OH,3.0,1.0,1.0,165.0
63,KNOX,OH,3.0,1.0,1.0,166.0
64,MUSKINGUM,OH,4.0,1.0,1.0,298.0
65,SHELBY,OH,3.0,1.0,1.0,71.0
66,WOOD,OH,3.0,1.0,1.0,168.0
67,LAWRENCE,OH,,1.0,,
68,LICKING,OH,3.0,1.0,1.0,227.0
69,MERCER,OH,5.0,1.0,0.0,
70,CLINTON,OH,1.0,1.0,1.0,
71,CHAMPAIGN,OH,3.0,1.0,1.0,25.0
72,JACKSON,OH,3.0,1.0,1.0,25.0
73,LOGAN,OH,4.0,1.0,1.0,115.0
74,PICKAWAY,OH,2.0,1.0,1.0,
75,MADISON,OH,3.0,1.0,1.0,107.0
76,WYANDOT,OH,3.0,1.0,1.0,
77,FAIRFIELD,OH,4.0,1.0,1.0,250.0
0,WAYNE,MI,2.5714285714285716,18.0,0.9285714285714286,6394.0
1,OAKLAND,MI,3.6666666666666665,14.0,1.0,3395.0
2,MACOMB,MI,2.3333333333333335,6.0,1.0,986.0
3,WASHTENAW,MI,4.666666666666667,5.0,1.0,588.0
4,KENT,MI,3.3333333333333335,5.0,1.0,1072.0
5,MONTCALM,MI,3.5,4.0,0.5,201.0
6,HURON,MI,5.0,3.0,1.0,106.0
7,ST. CLAIR,MI,3.6666666666666665,3.0,0.6666666666666666,350.0
8,SANILAC,MI,4.0,3.0,1.0,65.0
9,TUSCOLA,MI,4.0,3.0,1.0,50.0
10,SAGINAW,MI,2.0,3.0,1.0,891.0
11,KALAMAZOO,MI,4.0,3.0,1.0,752.0
12,OTTAWA,MI,4.666666666666667,3.0,0.6666666666666666,331.0
13,GENESEE,MI,1.6666666666666667,3.0,1.0,778.0
14,INGHAM,MI,3.5,2.0,1.0,980.0
15,VAN BUREN,MI,3.5,2.0,1.0,107.0
16,MARQUETTE,MI,3.0,2.0,1.0,314.0
17,BERRIEN,MI,4.0,2.0,1.0,375.0
18,LENAWEE,MI,4.0,2.0,1.0,113.0
19,CALHOUN,MI,4.5,2.0,1.0,298.0
20,HOUGHTON,MI,4.5,2.0,1.0,61.0
21,EATON,MI,3.5,2.0,1.0,50.0
22,CLINTON,MI,3.0,2.0,1.0,25.0
23,LIVINGSTON,MI,5.0,2.0,1.0,199.0
24,ST. JOSEPH,MI,3.0,2.0,0.5,154.0
25,OCEANA,MI,,1.0,,24.0
26,LUCE,MI,4.0,1.0,1.0,
27,CLARE,MI,4.0,1.0,0.0,64.0
28,BENZIE,MI,,1.0,,8.0
29,ALLEGAN,MI,3.0,1.0,1.0,25.0
30,GRAND TRAVERSE,MI,5.0,1.0,1.0,377.0
31,MUSKEGON,MI,5.0,1.0,1.0,154.0
32,CHIPPEWA,MI,3.0,1.0,1.0,82.0
33,SCHOOLCRAFT,MI,4.0,1.0,1.0,25.0
34,IOSCO,MI,4.0,1.0,1.0,60.0
35,ALGER,MI,,1.0,,25.0
36,CASS,MI,,1.0,,25.0
37,ISABELLA,MI,3.0,1.0,1.0,151.0
38,OSCEOLA,MI,4.0,1.0,1.0,25.0
39,KALKASKA,MI,4.0,1.0,1.0,
40,LAPEER,MI,3.0,1.0,1.0,183.0
41,EMMET,MI,5.0,1.0,1.0,243.0
42,ALPENA,MI,2.0,1.0,1.0,150.0
43,BAY,MI,3.0,1.0,1.0,387.0
44,MACKINAC,MI,,1.0,,15.0
45,BARAGA,MI,2.0,1.0,1.0,
46,GOGEBIC,MI,4.0,1.0,1.0,25.0
47,GRATIOT,MI,3.0,1.0,1.0,142.0
48,NEWAYGO,MI,4.0,1.0,1.0,61.0
49,JACKSON,MI,3.0,1.0,1.0,412.0
50,IRON,MI,5.0,1.0,1.0,25.0
51,WEXFORD,MI,5.0,1.0,1.0,117.0
52,MONROE,MI,2.0,1.0,1.0,217.0
53,HILLSDALE,MI,3.0,1.0,1.0,86.0
54,OGEMAW,MI,5.0,1.0,1.0,88.0
55,CRAWFORD,MI,4.0,1.0,1.0,90.0
56,DELTA,MI,4.0,1.0,1.0,25.0
57,IONIA,MI,4.0,1.0,1.0,25.0
58,ONTONAGON,MI,,1.0,,25.0
59,OTSEGO,MI,3.0,1.0,0.0,53.0
60,DICKINSON,MI,4.0,1.0,1.0,
61,MANISTEE,MI,3.0,1.0,1.0,25.0
62,BRANCH,MI,3.0,1.0,1.0,
63,MASON,MI,3.0,1.0,1.0,81.0
64,CHARLEVOIX,MI,4.0,1.0,1.0,25.0
65,ARENAC,MI,5.0,1.0,1.0,25.0
66,MECOSTA,MI,4.0,1.0,1.0,74.0
67,BARRY,MI,,1.0,,
68,GLADWIN,MI,4.0,1.0,1.0,25.0
69,SHIAWASSEE,MI,4.0,1.0,0.0,115.0
70,MIDLAND,MI,2.0,1.0,1.0,230.0
0,MARION,IN,3.7142857142857144,13.0,1.0,3647.0
1,LAKE,IN,3.6666666666666665,11.0,0.8888888888888888,2022.0
2,ALLEN,IN,2.75,7.0,1.0,649.0
3,HAMILTON,IN,4.6,5.0,1.0,409.0
4,TIPPECANOE,IN,3.5,4.0,1.0,377.0
5,MARSHALL,IN,3.0,4.0,1.0,82.0
6,VIGO,IN,2.5,4.0,1.0,318.0
7,ST. JOSEPH,IN,3.0,4.0,1.0,764.0
8,MADISON,IN,3.3333333333333335,3.0,1.0,357.0
9,VANDERBURGH,IN,3.5,3.0,1.0,972.0
10,MONROE,IN,4.0,3.0,1.0,297.0
11,HENDRICKS,IN,4.5,3.0,1.0,127.0
12,ELKHART,IN,3.5,3.0,1.0,420.0
13,WARRICK,IN,5.0,3.0,1.0,35.0
14,CASS,IN,4.0,2.0,1.0,
15,CLARK,IN,2.0,2.0,1.0,
16,DEARBORN,IN,4.0,2.0,1.0,
17,GRANT,IN,4.0,2.0,1.0,99.0
18,LAWRENCE,IN,3.5,2.0,1.0,50.0
19,WAYNE,IN,4.0,2.0,1.0,223.0
20,DE KALB,IN,3.0,2.0,1.0,45.0
21,JOHNSON,IN,3.0,2.0,1.0,
22,DELAWARE,IN,4.0,2.0,1.0,379.0
23,JEFFERSON,IN,5.0,2.0,1.0,86.0
24,HOWARD,IN,3.5,2.0,1.0,329.0
25,FLOYD,IN,2.0,2.0,1.0,211.0
26,KOSCIUSKO,IN,3.0,2.0,1.0,
27,LA PORTE,IN,3.5,2.0,1.0,537.0
28,PORTER,IN,4.0,2.0,1.0,
29,HANCOCK,IN,4.0,1.0,1.0,
30,GREENE,IN,4.0,1.0,1.0,
31,MORGAN,IN,5.0,1.0,1.0,82.0
32,DAVIESS,IN,4.0,1.0,1.0,
33,JENNINGS,IN,4.0,1.0,1.0,19.0
34,PUTNAM,IN,3.0,1.0,1.0,
35,HENRY,IN,3.0,1.0,1.0,
36,GIBSON,IN,3.0,1.0,1.0,25.0
37,JASPER,IN,3.0,1.0,1.0,46.0
38,HARRISON,IN,3.0,1.0,1.0,
39,WABASH,IN,4.0,1.0,1.0,50.0
40,DUBOIS,IN,5.0,1.0,1.0,123.0
41,SULLIVAN,IN,3.0,1.0,1.0,
42,RUSH,IN,4.0,1.0,1.0,
43,PERRY,IN,2.0,1.0,1.0,
44,TIPTON,IN,4.0,1.0,1.0,25.0
45,JAY,IN,3.0,1.0,1.0,
46,NOBLE,IN,4.0,1.0,1.0,31.0
47,MONTGOMERY,IN,3.0,1.0,1.0,103.0
48,SCOTT,IN,3.0,1.0,1.0,
49,FULTON,IN,4.0,1.0,1.0,
50,DECATUR,IN,3.0,1.0,1.0,
51,BARTHOLOMEW,IN,3.0,1.0,1.0,
52,FAYETTE,IN,4.0,1.0,1.0,105.0
53,SHELBY,IN,4.0,1.0,1.0,
54,BOONE,IN,4.0,1.0,1.0,
55,KNOX,IN,4.0,1.0,1.0,
56,FRANKLIN,IN,4.0,1.0,1.0,25.0
57,RANDOLPH,IN,4.0,1.0,1.0,25.0
58,CLAY,IN,3.0,1.0,1.0,25.0
59,WARREN,IN,4.0,1.0,1.0,16.0
60,CLINTON,IN,4.0,1.0,1.0,25.0
61,BLACKFORD,IN,4.0,1.0,1.0,15.0
62,VERMILLION,IN,3.0,1.0,1.0,25.0
63,ORANGE,IN,,1.0,,25.0
64,JACKSON,IN,5.0,1.0,1.0,
65,WELLS,IN,4.0,1.0,1.0,
66,WHITE,IN,4.0,1.0,1.0,25.0
67,PULASKI,IN,3.0,1.0,1.0,
68,HUNTINGTON,IN,4.0,1.0,1.0,36.0
69,MIAMI,IN,4.0,1.0,1.0,
70,ADAMS,IN,4.0,1.0,1.0,
71,STARKE,IN,3.0,1.0,1.0,53.0
72,WHITLEY,IN,3.0,1.0,1.0,30.0
73,STEUBEN,IN,3.0,1.0,1.0,25.0
74,WASHINGTON,IN,,1.0,,25.0
75,LAGRANGE,IN,4.0,1.0,1.0,25.0
0,MILWAUKEE,WI,3.0,11.0,1.0,3525.0
1,BROWN,WI,4.25,7.0,1.0,1055.0
2,WAUKESHA,WI,4.5,6.0,1.0,859.0
3,DANE,WI,4.75,5.0,1.0,913.0
4,EAU CLAIRE,WI,4.5,4.0,1.0,648.0
5,FOND DU LAC,WI,4.0,4.0,1.0,181.0
6,WINNEBAGO,WI,4.0,4.0,1.0,308.0
7,ROCK,WI,3.0,4.0,1.0,575.0
8,WOOD,WI,3.0,3.0,1.0,603.0
9,ST. CROIX,WI,5.0,3.0,1.0,75.0
10,GRANT,WI,4.5,3.0,1.0,65.0
11,BARRON,WI,3.3333333333333335,3.0,1.0,129.0
12,POLK,WI,4.0,3.0,1.0,73.0
13,CHIPPEWA,WI,3.6666666666666665,3.0,1.0,256.0
14,SAUK,WI,4.0,3.0,1.0,161.0
15,MARATHON,WI,3.0,3.0,1.0,407.0
16,LA CROSSE,WI,4.5,2.0,1.0,670.0
17,WASHBURN,WI,2.0,2.0,1.0,25.0
18,KENOSHA,WI,4.0,2.0,1.0,454.0
19,LINCOLN,WI,3.5,2.0,1.0,43.0
20,COLUMBIA,WI,3.0,2.0,1.0,98.0
21,WASHINGTON,WI,4.5,2.0,1.0,192.0
22,RACINE,WI,2.5,2.0,1.0,676.0
23,VERNON,WI,4.0,2.0,1.0,50.0
24,SHEBOYGAN,WI,4.0,2.0,1.0,370.0
25,OZAUKEE,WI,4.5,2.0,1.0,180.0
26,DODGE,WI,3.5,2.0,1.0,220.0
27,WAUPACA,WI,3.5,2.0,1.0,40.0
28,OCONTO,WI,3.0,2.0,1.0,19.0
29,TREMPEALEAU,WI,,2.0,,43.0
30,VILAS,WI,4.5,2.0,1.0,134.0
31,OUTAGAMIE,WI,4.0,2.0,1.0,492.0
32,WALWORTH,WI,4.5,2.0,1.0,124.0
33,MANITOWOC,WI,3.5,2.0,1.0,236.0
34,MONROE,WI,4.0,2.0,1.0,40.0
35,ASHLAND,WI,4.0,1.0,1.0,25.0
36,RUSK,WI,3.0,1.0,1.0,
37,LANGLADE,WI,4.0,1.0,1.0,25.0
38,PORTAGE,WI,5.0,1.0,1.0,181.0
39,LAFAYETTE,WI,,1.0,,
40,RICHLAND,WI,4.0,1.0,1.0,25.0
41,SAWYER,WI,4.0,1.0,1.0,25.0
42,JEFFERSON,WI,5.0,1.0,1.0,82.0
43,ONEIDA,WI,4.0,1.0,1.0,99.0
44,IOWA,WI,5.0,1.0,1.0,25.0
45,MARINETTE,WI,5.0,1.0,1.0,99.0
46,TAYLOR,WI,4.0,1.0,1.0,15.0
47,CALUMET,WI,,1.0,,29.0
48,ADAMS,WI,,1.0,,25.0
49,DOOR,WI,5.0,1.0,1.0,25.0
50,DOUGLAS,WI,4.0,1.0,1.0,15.0
51,CLARK,WI,,1.0,,25.0
52,PIERCE,WI,4.0,1.0,1.0,25.0
53,JUNEAU,WI,4.0,1.0,1.0,40.0
54,GREEN,WI,5.0,1.0,1.0,100.0
55,JACKSON,WI,4.0,1.0,1.0,25.0
56,WAUSHARA,WI,,1.0,,25.0
57,PRICE,WI,3.0,1.0,1.0,15.0
58,CRAWFORD,WI,4.0,1.0,1.0,25.0
59,SHAWANO,WI,3.0,1.0,1.0,25.0
60,DUNN,WI,5.0,1.0,1.0,25.0
61,PEPIN,WI,,1.0,,25.0
62,BURNETT,WI,,1.0,,25.0
63,GREEN LAKE,WI,3.0,1.0,1.0,25.0
0,FULTON,GA,2.5714285714285716,9.0,1.0,3909.0
1,DE KALB,GA,2.0,6.0,1.0,1445.0
2,RICHMOND,GA,2.3333333333333335,5.0,1.0,551.0
3,CHATHAM,GA,2.0,5.0,1.0,1144.0
4,MUSCOGEE,GA,2.0,4.0,0.6666666666666666,893.0
5,GWINNETT,GA,3.0,4.0,1.0,463.0
6,COBB,GA,3.0,3.0,1.0,1015.0
7,BIBB,GA,2.6666666666666665,3.0,1.0,637.0
8,GLYNN,GA,2.0,2.0,1.0,300.0
9,HOUSTON,GA,3.5,2.0,1.0,225.0
10,COLQUITT,GA,3.0,2.0,1.0,
11,WALTON,GA,1.0,2.0,1.0,
12,FLOYD,GA,4.0,2.0,1.0,284.0
13,LIBERTY,GA,3.0,2.0,1.0,
14,CARROLL,GA,3.0,2.0,1.0,222.0
15,COWETA,GA,2.5,2.0,0.5,143.0
16,LOWNDES,GA,4.0,2.0,1.0,
17,CLARKE,GA,3.0,2.0,1.0,511.0
18,CLAYTON,GA,2.0,2.0,1.0,376.0
19,HENRY,GA,2.0,1.0,1.0,122.0
20,BARROW,GA,3.0,1.0,1.0,
21,DODGE,GA,3.0,1.0,1.0,
22,JENKINS,GA,,1.0,,
23,GREENE,GA,4.0,1.0,1.0,25.0
24,TOWNS,GA,4.0,1.0,1.0,25.0
25,WHITFIELD,GA,4.0,1.0,1.0,282.0
26,CHEROKEE,GA,2.0,1.0,1.0,84.0
27,CANDLER,GA,,1.0,,
28,JACKSON,GA,3.0,1.0,1.0,90.0
29,UPSON,GA,2.0,1.0,1.0,119.0
30,HALL,GA,3.0,1.0,1.0,461.0
31,TIFT,GA,3.0,1.0,1.0,
32,ROCKDALE,GA,1.0,1.0,0.0,
33,SCREVEN,GA,,1.0,,
34,BLECKLEY,GA,,1.0,,
35,PICKENS,GA,4.0,1.0,1.0,35.0
36,BEN HILL,GA,3.0,1.0,1.0,
37,POLK,GA,,1.0,,25.0
38,JASPER,GA,,1.0,,17.0
39,EVANS,GA,4.0,1.0,1.0,49.0
40,SUMTER,GA,2.0,1.0,1.0,143.0
41,NEWTON,GA,2.0,1.0,1.0,90.0
42,BALDWIN,GA,3.0,1.0,1.0,140.0
43,DOUGHERTY,GA,1.0,1.0,1.0,691.0
44,RABUN,GA,,1.0,,
45,MC DUFFIE,GA,3.0,1.0,1.0,47.0
46,WILKES,GA,4.0,1.0,1.0,
47,CLINCH,GA,,1.0,,
48,DOOLY,GA,,1.0,,
49,MORGAN,GA,,1.0,,
50,IRWIN,GA,,1.0,,
51,BUTTS,GA,,1.0,,25.0
52,FANNIN,GA,4.0,1.0,1.0,
53,TOOMBS,GA,2.0,1.0,1.0,87.0
54,PAULDING,GA,4.0,1.0,1.0,83.0
55,DOUGLAS,GA,4.0,1.0,1.0,108.0
56,EARLY,GA,,1.0,,
57,MERIWETHER,GA,,1.0,,25.0
58,JEFF DAVIS,GA,3.0,1.0,1.0,
59,LANIER,GA,,1.0,,25.0
60,CATOOSA,GA,,1.0,,179.0
61,SEMINOLE,GA,3.0,1.0,1.0,65.0
62,GRADY,GA,3.0,1.0,1.0,60.0
63,BULLOCH,GA,2.0,1.0,1.0,
64,PULASKI,GA,3.0,1.0,1.0,55.0
65,MONROE,GA,,1.0,,
66,EFFINGHAM,GA,,1.0,,25.0
67,WORTH,GA,,1.0,,25.0
68,BARTOW,GA,3.0,1.0,1.0,
69,COFFEE,GA,1.0,1.0,1.0,88.0
70,CRISP,GA,3.0,1.0,1.0,65.0
71,LAURENS,GA,4.0,1.0,1.0,
72,TATTNALL,GA,,1.0,,
73,WAYNE,GA,3.0,1.0,1.0,
74,RANDOLPH,GA,,1.0,,
75,FRANKLIN,GA,3.0,1.0,1.0,56.0
76,JEFFERSON,GA,4.0,1.0,1.0,
77,FAYETTE,GA,2.0,1.0,1.0,100.0
78,TROUP,GA,2.0,1.0,1.0,276.0
79,MITCHELL,GA,,1.0,,25.0
80,STEPHENS,GA,3.0,1.0,1.0,99.0
81,CHATTAHOOCHEE,GA,,1.0,,
82,WASHINGTON,GA,3.0,1.0,1.0,
83,PEACH,GA,4.0,1.0,1.0,25.0
84,HABERSHAM,GA,3.0,1.0,1.0,
85,THOMAS,GA,4.0,1.0,1.0,264.0
86,APPLING,GA,,1.0,,
87,SPALDING,GA,2.0,1.0,1.0,160.0
88,FORSYTH,GA,5.0,1.0,1.0,78.0
89,MURRAY,GA,4.0,1.0,1.0,42.0
90,BURKE,GA,,1.0,,
91,UNION,GA,5.0,1.0,1.0,45.0
92,BROOKS,GA,,1.0,,25.0
93,DECATUR,GA,3.0,1.0,1.0,
94,ELBERT,GA,3.0,1.0,1.0,
95,BERRIEN,GA,,1.0,,
96,BACON,GA,3.0,1.0,1.0,25.0
97,CAMDEN,GA,4.0,1.0,1.0,40.0
98,GORDON,GA,4.0,1.0,1.0,69.0
99,COOK,GA,,1.0,,
100,PUTNAM,GA,3.0,1.0,1.0,
101,MILLER,GA,3.0,1.0,1.0,
102,WARE,GA,3.0,1.0,1.0,237.0
103,EMANUEL,GA,5.0,1.0,1.0,
104,HARALSON,GA,4.0,1.0,1.0,25.0
0,MECKLENBURG,NC,3.8333333333333335,8.0,1.0,1054.0
1,WAKE,NC,4.0,6.0,1.0,1477.0
2,FORSYTH,NC,3.0,4.0,1.0,1933.0
3,BRUNSWICK,NC,3.0,3.0,1.0,60.0
4,DURHAM,NC,4.5,3.0,1.0,1410.0
5,GRANVILLE,NC,3.0,3.0,1.0,
6,IREDELL,NC,2.6666666666666665,3.0,1.0,105.0
7,ONSLOW,NC,2.0,3.0,1.0,
8,CATAWBA,NC,2.5,2.0,1.0,
9,GUILFORD,NC,4.5,2.0,1.0,1586.0
10,HARNETT,NC,4.0,2.0,1.0,108.0
11,NEW HANOVER,NC,3.0,2.0,1.0,
12,HALIFAX,NC,1.0,2.0,1.0,226.0
13,DAVIDSON,NC,3.0,2.0,1.0,243.0
14,BUNCOMBE,NC,5.0,2.0,1.0,735.0
15,SWAIN,NC,,2.0,,48.0
16,BURKE,NC,4.0,2.0,1.0,204.0
17,CLEVELAND,NC,4.0,2.0,1.0,
18,SURRY,NC,4.0,2.0,1.0,81.0
19,HENDERSON,NC,4.5,2.0,1.0,103.0
20,CUMBERLAND,NC,3.0,2.0,1.0,600.0
21,MACON,NC,3.5,2.0,1.0,50.0
22,WAYNE,NC,2.0,2.0,1.0,316.0
23,POLK,NC,4.0,1.0,1.0,35.0
24,VANCE,NC,2.0,1.0,1.0,102.0
25,MC DOWELL,NC,4.0,1.0,1.0,65.0
26,LEE,NC,2.0,1.0,1.0,
27,JACKSON,NC,2.0,1.0,1.0,86.0
28,ALLEGHANY,NC,2.0,1.0,1.0,25.0
29,WILKES,NC,4.0,1.0,1.0,120.0
30,CABARRUS,NC,2.0,1.0,1.0,
31,CRAVEN,NC,4.0,1.0,1.0,
32,CHATHAM,NC,,1.0,,68.0
33,WATAUGA,NC,5.0,1.0,1.0,
34,PENDER,NC,,1.0,,
35,SCOTLAND,NC,3.0,1.0,1.0,104.0
36,LINCOLN,NC,5.0,1.0,1.0,
37,ALAMANCE,NC,3.0,1.0,1.0,238.0
38,STANLY,NC,2.0,1.0,1.0,109.0
39,COLUMBUS,NC,2.0,1.0,1.0,166.0
40,MOORE,NC,4.0,1.0,1.0,395.0
41,PASQUOTANK,NC,2.0,1.0,1.0,182.0
42,HOKE,NC,4.0,1.0,1.0,41.0
43,BERTIE,NC,5.0,1.0,1.0,15.0
44,PERSON,NC,2.0,1.0,1.0,50.0
45,UNION,NC,2.0,1.0,1.0,
46,TRANSYLVANIA,NC,4.0,1.0,1.0,25.0
47,BLADEN,NC,3.0,1.0,1.0,35.0
48,NASH,NC,1.0,1.0,1.0,
49,MONTGOMERY,NC,,1.0,,25.0
50,PITT,NC,2.0,1.0,1.0,909.0
51,SAMPSON,NC,3.0,1.0,1.0,
52,ROCKINGHAM,NC,2.0,1.0,1.0,108.0
53,CARTERET,NC,2.0,1.0,1.0,
54,MARTIN,NC,3.0,1.0,1.0,
55,CHOWAN,NC,3.0,1.0,1.0,25.0
56,RANDOLPH,NC,2.0,1.0,1.0,145.0
57,BEAUFORT,NC,3.0,1.0,1.0,142.0
58,ORANGE,NC,3.0,1.0,1.0,
59,LENOIR,NC,2.0,1.0,1.0,235.0
60,ROWAN,NC,2.0,1.0,1.0,308.0
61,DARE,NC,4.0,1.0,1.0,19.0
62,WILSON,NC,2.0,1.0,1.0,317.0
63,DUPLIN,NC,4.0,1.0,1.0,101.0
64,CHEROKEE,NC,3.0,1.0,1.0,50.0
65,DAVIE,NC,5.0,1.0,1.0,81.0
66,HAYWOOD,NC,4.0,1.0,1.0,
67,ANSON,NC,,1.0,,
68,GASTON,NC,2.0,1.0,1.0,442.0
69,STOKES,NC,,1.0,,49.0
70,MITCHELL,NC,4.0,1.0,1.0,85.0
71,ASHE,NC,4.0,1.0,1.0,76.0
72,CALDWELL,NC,3.0,1.0,1.0,110.0
73,ROBESON,NC,3.0,1.0,1.0,314.0
74,JOHNSTON,NC,4.0,1.0,1.0,
75,HERTFORD,NC,3.0,1.0,1.0,124.0
76,AVERY,NC,3.0,1.0,1.0,40.0
77,RUTHERFORD,NC,3.0,1.0,1.0,143.0
78,WASHINGTON,NC,,1.0,,
79,EDGECOMBE,NC,4.0,1.0,1.0,83.0
0,JACKSON,MO,3.2222222222222223,11.0,1.0,1955.0
1,ST. LOUIS,MO,3.111111111111111,11.0,1.0,4459.0
2,ST. LOUIS CITY,MO,2.0,6.0,1.0,2408.0
3,ST. CHARLES,MO,3.25,5.0,1.0,645.0
4,GREENE,MO,3.0,4.0,1.0,1458.0
5,CLAY,MO,3.5,4.0,1.0,
6,JASPER,MO,3.0,3.0,1.0,738.0
7,ST. FRANCOIS,MO,4.0,3.0,1.0,136.0
8,CAMDEN,MO,2.0,2.0,1.0,99.0
9,COLE,MO,3.5,2.0,1.0,302.0
10,BUTLER,MO,1.0,2.0,1.0,
11,HOWELL,MO,2.0,2.0,1.0,145.0
12,SALINE,MO,3.0,2.0,1.0,60.0
13,BUCHANAN,MO,3.0,2.0,1.0,353.0
14,BARRY,MO,4.0,2.0,1.0,43.0
15,CAPE GIRARDEAU,MO,2.5,2.0,1.0,545.0
16,FRANKLIN,MO,4.0,2.0,1.0,235.0
17,CALLAWAY,MO,,2.0,,
18,HENRY,MO,3.0,2.0,1.0,
19,CASS,MO,4.0,2.0,1.0,
20,JEFFERSON,MO,4.0,2.0,1.0,420.0
21,BOONE,MO,3.5,2.0,1.0,394.0
22,MACON,MO,,1.0,,
23,LIVINGSTON,MO,3.0,1.0,1.0,25.0
24,MADISON,MO,,1.0,,
25,CEDAR,MO,,1.0,,
26,SCOTLAND,MO,3.0,1.0,1.0,
27,TEXAS,MO,2.0,1.0,1.0,
28,NODAWAY,MO,4.0,1.0,1.0,90.0
29,PETTIS,MO,3.0,1.0,1.0,
30,PUTNAM,MO,,1.0,,
31,CLINTON,MO,2.0,1.0,1.0,49.0
32,IRON,MO,,1.0,,
33,STODDARD,MO,2.0,1.0,1.0,50.0
34,BATES,MO,4.0,1.0,1.0,
35,LACLEDE,MO,4.0,1.0,1.0,48.0
36,PERRY,MO,4.0,1.0,1.0,25.0
37,LINCOLN,MO,4.0,1.0,1.0,25.0
38,HARRISON,MO,4.0,1.0,1.0,
39,STE. GENEVIEVE,MO,4.0,1.0,1.0,
40,COOPER,MO,3.0,1.0,1.0,
41,ST. CLAIR,MO,,1.0,,
42,DENT,MO,3.0,1.0,1.0,
43,CARROLL,MO,3.0,1.0,1.0,25.0
44,TANEY,MO,4.0,1.0,1.0,99.0
45,RAY,MO,4.0,1.0,1.0,
46,NEWTON,MO,3.0,1.0,1.0,25.0
47,PLATTE,MO,3.0,1.0,1.0,147.0
48,LAFAYETTE,MO,3.0,1.0,1.0,
49,GENTRY,MO,,1.0,,25.0
50,MARION,MO,2.0,1.0,1.0,91.0
51,GRUNDY,MO,4.0,1.0,1.0,25.0
52,RANDOLPH,MO,3.0,1.0,1.0,
53,PEMISCOT,MO,2.0,1.0,1.0,102.0
54,LAWRENCE,MO,3.0,1.0,1.0,25.0
55,PIKE,MO,3.0,1.0,1.0,
56,AUDRAIN,MO,3.0,1.0,1.0,201.0
57,LINN,MO,4.0,1.0,1.0,25.0
58,JOHNSON,MO,3.0,1.0,1.0,
59,PHELPS,MO,3.0,1.0,1.0,
60,WASHINGTON,MO,2.0,1.0,1.0,
61,BARTON,MO,4.0,1.0,1.0,
62,PULASKI,MO,,1.0,,
63,ADAIR,MO,4.0,1.0,1.0,
64,GASCONADE,MO,,1.0,,
65,SCOTT,MO,2.0,1.0,1.0,188.0
66,VERNON,MO,4.0,1.0,1.0,
67,SULLIVAN,MO,,1.0,,
68,ATCHISON,MO,4.0,1.0,1.0,25.0
69,POLK,MO,2.0,1.0,0.0,
0,SHELBY,TN,2.4,11.0,1.0,3229.0
1,DAVIDSON,TN,3.125,10.0,1.0,2306.0
2,KNOX,TN,2.5,5.0,1.0,2312.0
3,HAMILTON,TN,3.0,5.0,1.0,405.0
4,RUTHERFORD,TN,2.0,3.0,1.0,286.0
5,SULLIVAN,TN,2.0,3.0,1.0,1101.0
6,MADISON,TN,1.0,3.0,1.0,
7,WASHINGTON,TN,2.5,2.0,1.0,724.0
8,WEAKLEY,TN,3.0,2.0,1.0,
9,WILLIAMSON,TN,4.0,2.0,1.0,
10,HARDEMAN,TN,,2.0,,
11,MONTGOMERY,TN,2.0,2.0,1.0,
12,PUTNAM,TN,4.0,2.0,1.0,
13,COFFEE,TN,3.0,2.0,1.0,
14,ANDERSON,TN,1.0,2.0,1.0,301.0
15,CAMPBELL,TN,2.0,2.0,1.0,121.0
16,MAURY,TN,4.0,2.0,1.0,
17,SUMNER,TN,3.5,2.0,1.0,
18,WILSON,TN,2.0,1.0,1.0,
19,MACON,TN,4.0,1.0,1.0,25.0
20,HANCOCK,TN,,1.0,,25.0
21,GIBSON,TN,3.0,1.0,1.0,
22,MONROE,TN,4.0,1.0,1.0,59.0
23,BLOUNT,TN,2.0,1.0,1.0,
24,LINCOLN,TN,4.0,1.0,1.0,
25,CANNON,TN,4.0,1.0,1.0,55.0
26,JOHNSON,TN,,1.0,,2.0
27,BENTON,TN,4.0,1.0,1.0,
28,SMITH,TN,4.0,1.0,1.0,
29,CHEATHAM,TN,,1.0,,
30,HICKMAN,TN,,1.0,,25.0
31,HAMBLEN,TN,2.0,1.0,1.0,155.0
32,ROBERTSON,TN,2.0,1.0,1.0,109.0
33,COCKE,TN,4.0,1.0,1.0,74.0
34,GILES,TN,4.0,1.0,1.0,
35,RHEA,TN,2.0,1.0,1.0,
36,CLAIBORNE,TN,3.0,1.0,1.0,85.0
37,BRADLEY,TN,2.0,1.0,1.0,
38,PERRY,TN,3.0,1.0,1.0,
39,TROUSDALE,TN,4.0,1.0,1.0,
40,DYER,TN,2.0,1.0,1.0,
41,BLEDSOE,TN,,1.0,,
42,SEVIER,TN,3.0,1.0,1.0,79.0
43,CARROLL,TN,3.0,1.0,1.0,70.0
44,MC MINN,TN,2.0,1.0,1.0,
45,DE KALB,TN,5.0,1.0,1.0,71.0
46,OBION,TN,4.0,1.0,1.0,137.0
47,HENDERSON,TN,3.0,1.0,1.0,
48,DECATUR,TN,3.0,1.0,1.0,
49,LAWRENCE,TN,4.0,1.0,1.0,
50,UNICOI,TN,3.0,1.0,1.0,48.0
51,JEFFERSON,TN,4.0,1.0,1.0,58.0
52,CUMBERLAND,TN,3.0,1.0,1.0,189.0
53,TIPTON,TN,4.0,1.0,1.0,100.0
54,HENRY,TN,3.0,1.0,1.0,
55,FRANKLIN,TN,3.0,1.0,1.0,
56,CLAY,TN,3.0,1.0,1.0,
57,DICKSON,TN,3.0,1.0,1.0,
58,CARTER,TN,2.0,1.0,1.0,109.0
59,ROANE,TN,2.0,1.0,1.0,109.0
60,WHITE,TN,4.0,1.0,1.0,60.0
61,HARDIN,TN,4.0,1.0,1.0,58.0
62,BEDFORD,TN,4.0,1.0,1.0,
63,OVERTON,TN,4.0,1.0,1.0,
64,MARSHALL,TN,,1.0,,
65,HOUSTON,TN,,1.0,,
66,GREENE,TN,3.0,1.0,1.0,94.0
67,WAYNE,TN,4.0,1.0,1.0,80.0
68,HUMPHREYS,TN,,1.0,,25.0
69,HAWKINS,TN,4.0,1.0,1.0,50.0
70,SCOTT,TN,,1.0,,
71,WARREN,TN,4.0,1.0,1.0,152.0
72,LAUDERDALE,TN,,1.0,,25.0
73,LOUDON,TN,2.0,1.0,1.0,50.0
0,JEFFERSON,KY,2.25,7.0,1.0,3914.0
1,FAYETTE,KY,2.75,6.0,1.0,1056.0
2,CHRISTIAN,KY,1.0,4.0,1.0,194.0
3,FLOYD,KY,1.0,3.0,1.0,216.0
4,WARREN,KY,1.5,3.0,1.0,382.0
5,KENTON,KY,4.0,2.0,1.0,621.0
6,HARDIN,KY,4.0,2.0,1.0,
7,MADISON,KY,4.0,2.0,1.0,130.0
8,BOYD,KY,3.0,2.0,1.0,645.0
9,BELL,KY,3.5,2.0,1.0,216.0
10,MC CRACKEN,KY,2.5,2.0,1.0,708.0
11,PIKE,KY,1.5,2.0,1.0,374.0
12,ROCKCASTLE,KY,3.0,1.0,1.0,26.0
13,MARION,KY,4.0,1.0,1.0,
14,WAYNE,KY,,1.0,,25.0
15,RUSSELL,KY,,1.0,,25.0
16,HENDERSON,KY,2.0,1.0,1.0,205.0
17,LAWRENCE,KY,4.0,1.0,1.0,
18,LETCHER,KY,3.0,1.0,1.0,90.0
19,CARROLL,KY,4.0,1.0,1.0,25.0
20,TAYLOR,KY,4.0,1.0,1.0,
21,MERCER,KY,4.0,1.0,1.0,25.0
22,BRECKINRIDGE,KY,3.0,1.0,1.0,25.0
23,GRANT,KY,,1.0,,15.0
24,LIVINGSTON,KY,3.0,1.0,1.0,25.0
25,MASON,KY,4.0,1.0,1.0,
26,CLARK,KY,4.0,1.0,1.0,
27,PERRY,KY,1.0,1.0,1.0,308.0
28,LINCOLN,KY,3.0,1.0,1.0,25.0
29,FLEMING,KY,4.0,1.0,1.0,
30,ROWAN,KY,2.0,1.0,1.0,149.0
31,MONROE,KY,2.0,1.0,1.0,49.0
32,SIMPSON,KY,3.0,1.0,1.0,25.0
33,HARLAN,KY,2.0,1.0,1.0,150.0
34,CLAY,KY,3.0,1.0,1.0,49.0
35,LESLIE,KY,,1.0,,25.0
36,CRITTENDEN,KY,3.0,1.0,1.0,48.0
37,DAVIESS,KY,4.0,1.0,1.0,469.0
38,BOYLE,KY,2.0,1.0,1.0,197.0
39,BOURBON,KY,3.0,1.0,1.0,
40,SCOTT,KY,4.0,1.0,1.0,
41,ALLEN,KY,,1.0,,25.0
42,LAUREL,KY,4.0,1.0,1.0,120.0
43,BOONE,KY,3.0,1.0,1.0,161.0
44,CUMBERLAND,KY,3.0,1.0,1.0,25.0
45,CALDWELL,KY,,1.0,,25.0
46,FRANKLIN,KY,3.0,1.0,1.0,
47,OLDHAM,KY,3.0,1.0,1.0,90.0
48,MUHLENBERG,KY,5.0,1.0,1.0,90.0
49,BARREN,KY,2.0,1.0,1.0,180.0
50,HOPKINS,KY,3.0,1.0,1.0,390.0
51,CASEY,KY,4.0,1.0,1.0,24.0
52,LOGAN,KY,5.0,1.0,1.0,
53,GRAVES,KY,3.0,1.0,1.0,
54,UNION,KY,4.0,1.0,1.0,25.0
55,ADAIR,KY,,1.0,,77.0
56,OHIO,KY,4.0,1.0,1.0,25.0
57,GRAYSON,KY,4.0,1.0,1.0,75.0
58,HART,KY,2.0,1.0,1.0,25.0
59,CLINTON,KY,3.0,1.0,1.0,42.0
60,HARRISON,KY,4.0,1.0,1.0,61.0
61,JOHNSON,KY,1.0,1.0,1.0,
62,WHITLEY,KY,2.0,1.0,1.0,240.0
63,MARSHALL,KY,4.0,1.0,1.0,25.0
64,WOODFORD,KY,,1.0,,
65,SHELBY,KY,4.0,1.0,1.0,68.0
66,MORGAN,KY,,1.0,,20.0
67,BREATHITT,KY,3.0,1.0,1.0,
68,PULASKI,KY,2.0,1.0,1.0,
69,CAMPBELL,KY,3.0,1.0,1.0,312.0
70,ESTILL,KY,4.0,1.0,1.0,25.0
71,KNOX,KY,4.0,1.0,1.0,25.0
72,TRIGG,KY,,1.0,,25.0
73,MONTGOMERY,KY,3.0,1.0,1.0,63.0
74,NELSON,KY,3.0,1.0,1.0,40.0
75,GREEN,KY,3.0,1.0,1.0,35.0
76,CALLOWAY,KY,3.0,1.0,1.0,
0,FAIRFAX,VA,4.75,7.0,0.75,1252.0
1,NORFOLK CITY,VA,3.0,4.0,1.0,1185.0
2,RICHMOND CITY,VA,3.3333333333333335,4.0,1.0,555.0
3,PETERSBURG CITY,VA,2.0,3.0,1.0,
4,VIRGINIA BEACH CITY,VA,4.0,3.0,0.5,436.0
5,JAMES CITY,VA,4.5,3.0,1.0,185.0
6,DANVILLE CITY,VA,2.0,2.0,1.0,
7,PORTSMOUTH CITY,VA,1.0,2.0,1.0,346.0
8,PRINCE WILLIAM,VA,3.5,2.0,1.0,243.0
9,CHESTERFIELD,VA,2.5,2.0,1.0,130.0
10,HAMPTON CITY,VA,3.0,2.0,1.0,224.0
11,TAZEWELL,VA,3.5,2.0,1.0,238.0
12,ARLINGTON,VA,5.0,2.0,1.0,357.0
13,NEWPORT NEWS CITY,VA,3.0,2.0,1.0,676.0
14,MONTGOMERY,VA,3.0,2.0,1.0,146.0
15,LOUDOUN,VA,4.5,2.0,1.0,167.0
16,SMYTH,VA,4.0,2.0,1.0,170.0
17,AUGUSTA,VA,4.0,1.0,1.0,255.0
18,WASHINGTON,VA,3.0,1.0,1.0,116.0
19,HALIFAX,VA,3.0,1.0,1.0,192.0
20,ALBEMARLE,VA,5.0,1.0,1.0,176.0
21,HANOVER,VA,4.0,1.0,1.0,225.0
22,EMPORIA CITY,VA,4.0,1.0,1.0,
23,MANASSAS CITY,VA,3.0,1.0,1.0,170.0
24,STAFFORD,VA,4.0,1.0,1.0,100.0
25,BEDFORD,VA,4.0,1.0,1.0,161.0
26,FRANKLIN,VA,3.0,1.0,1.0,37.0
27,CHESAPEAKE CITY,VA,3.0,1.0,1.0,
28,RUSSELL,VA,4.0,1.0,1.0,78.0
29,PRINCE EDWARD,VA,4.0,1.0,1.0,116.0
30,SUFFOLK CITY,VA,4.0,1.0,1.0,168.0
31,MECKLENBURG,VA,3.0,1.0,1.0,70.0
32,WYTHE,VA,3.0,1.0,1.0,
33,CULPEPER,VA,4.0,1.0,1.0,70.0
34,FAUQUIER,VA,2.0,1.0,1.0,97.0
35,WARREN,VA,4.0,1.0,1.0,196.0
36,ACCOMACK,VA,3.0,1.0,1.0,52.0
37,WISE,VA,3.0,1.0,1.0,60.0
38,HOPEWELL CITY,VA,2.0,1.0,1.0,
39,DICKENSON,VA,,1.0,,25.0
40,ALEXANDRIA CITY,VA,5.0,1.0,1.0,318.0
41,ROANOKE CITY,VA,2.0,1.0,1.0,703.0
42,FRANKLIN CITY,VA,2.0,1.0,1.0,
43,NORTON CITY,VA,5.0,1.0,1.0,129.0
44,SHENANDOAH,VA,4.0,1.0,1.0,25.0
45,LYNCHBURG CITY,VA,4.0,1.0,1.0,161.0
46,FREDERICKSBURG CITY,VA,3.0,1.0,1.0,451.0
47,GALAX CITY,VA,2.0,1.0,1.0,141.0
48,ESSEX,VA,3.0,1.0,1.0,67.0
49,SPOTSYLVANIA,VA,3.0,1.0,1.0,
50,BATH,VA,3.0,1.0,1.0,25.0
51,GILES,VA,4.0,1.0,1.0,25.0
52,SALEM CITY,VA,4.0,1.0,1.0,
53,NEW KENT,VA,,1.0,,
54,HARRISONBURG CITY,VA,4.0,1.0,1.0,238.0
55,ALLEGHANY,VA,4.0,1.0,1.0,
56,GLOUCESTER,VA,3.0,1.0,1.0,67.0
57,STAUNTON CITY,VA,,1.0,,
58,PULASKI,VA,2.0,1.0,1.0,
59,HENRICO,VA,4.0,1.0,1.0,
60,LEXINGTON CITY,VA,4.0,1.0,1.0,25.0
61,LANCASTER,VA,3.0,1.0,1.0,76.0
62,BUCHANAN,VA,4.0,1.0,1.0,134.0
63,PAGE,VA,5.0,1.0,1.0,25.0
64,WINCHESTER CITY,VA,4.0,1.0,1.0,399.0
65,CHARLOTTESVILLE CITY,VA,2.0,1.0,1.0,
0,POLK,IA,3.25,4.0,1.0,1528.0
1,SIOUX,IA,4.0,4.0,1.0,50.0
2,BLACK HAWK,IA,3.3333333333333335,3.0,1.0,740.0
3,DUBUQUE,IA,4.5,3.0,1.0,707.0
4,FAYETTE,IA,,2.0,,50.0
5,JOHNSON,IA,4.0,2.0,1.0,234.0
6,CHEROKEE,IA,3.0,2.0,1.0,25.0
7,CARROLL,IA,4.0,2.0,1.0,159.0
8,LEE,IA,4.0,2.0,1.0,121.0
9,CLINTON,IA,5.0,2.0,1.0,237.0
10,STORY,IA,5.0,2.0,1.0,
11,BUCHANAN,IA,,2.0,,
12,WOODBURY,IA,1.5,2.0,1.0,468.0
13,LINN,IA,4.5,2.0,1.0,879.0
14,OBRIEN,IA,4.0,2.0,1.0,39.0
15,MARION,IA,4.0,2.0,1.0,50.0
16,BREMER,IA,4.0,2.0,1.0,25.0
17,WRIGHT,IA,4.5,2.0,1.0,
18,POTTAWATTAMIE,IA,4.5,2.0,1.0,430.0
19,SCOTT,IA,3.5,2.0,1.0,652.0
20,PAGE,IA,2.5,2.0,1.0,25.0
21,CLAYTON,IA,,2.0,,25.0
22,MUSCATINE,IA,4.0,1.0,1.0,80.0
23,JACKSON,IA,,1.0,,
24,POCAHONTAS,IA,,1.0,,
25,WEBSTER,IA,3.0,1.0,1.0,174.0
26,HUMBOLDT,IA,,1.0,,
27,LUCAS,IA,,1.0,,
28,DALLAS,IA,,1.0,,
29,HANCOCK,IA,4.0,1.0,1.0,
30,ALLAMAKEE,IA,,1.0,,
31,SAC,IA,4.0,1.0,1.0,25.0
32,JONES,IA,5.0,1.0,1.0,25.0
33,CHICKASAW,IA,,1.0,,25.0
34,JASPER,IA,5.0,1.0,1.0,68.0
35,MARSHALL,IA,2.0,1.0,1.0,70.0
36,EMMET,IA,4.0,1.0,1.0,25.0
37,BOONE,IA,4.0,1.0,1.0,
38,JEFFERSON,IA,3.0,1.0,1.0,
39,OSCEOLA,IA,,1.0,,25.0
40,FLOYD,IA,4.0,1.0,1.0,
41,HENRY,IA,4.0,1.0,1.0,
42,HARRISON,IA,4.0,1.0,1.0,25.0
43,POWESHIEK,IA,4.0,1.0,1.0,49.0
44,BENTON,IA,4.0,1.0,1.0,83.0
45,PALO ALTO,IA,,1.0,,
46,HAMILTON,IA,4.0,1.0,1.0,
47,LYON,IA,,1.0,,25.0
48,WINNESHIEK,IA,4.0,1.0,1.0,
49,DELAWARE,IA,4.0,1.0,1.0,
50,GREENE,IA,,1.0,,
51,MONTGOMERY,IA,3.0,1.0,1.0,
52,FRANKLIN,IA,,1.0,,
53,CLAY,IA,4.0,1.0,1.0,
54,IOWA,IA,,1.0,,
55,GRUNDY,IA,4.0,1.0,1.0,
56,MAHASKA,IA,3.0,1.0,1.0,
57,KOSSUTH,IA,4.0,1.0,1.0,
58,PLYMOUTH,IA,5.0,1.0,1.0,
59,SHELBY,IA,3.0,1.0,1.0,
60,FREMONT,IA,,1.0,,25.0
61,CRAWFORD,IA,2.0,1.0,1.0,
62,MONONA,IA,4.0,1.0,1.0,25.0
63,CLARKE,IA,3.0,1.0,1.0,
64,KEOKUK,IA,,1.0,,
65,HOWARD,IA,,1.0,,
66,DES MOINES,IA,3.0,1.0,1.0,173.0
67,CERRO GORDO,IA,3.0,1.0,1.0,350.0
68,WAPELLO,IA,4.0,1.0,1.0,
69,DAVIS,IA,,1.0,,
70,UNION,IA,4.0,1.0,1.0,
71,WASHINGTON,IA,4.0,1.0,1.0,
72,ADAMS,IA,4.0,1.0,1.0,22.0
73,RINGGOLD,IA,,1.0,,
74,ADAIR,IA,,1.0,,
75,WAYNE,IA,4.0,1.0,1.0,
76,GUTHRIE,IA,,1.0,,
77,AUDUBON,IA,,1.0,,
78,BUENA VISTA,IA,4.0,1.0,1.0,
79,MITCHELL,IA,4.0,1.0,1.0,
80,DICKINSON,IA,5.0,1.0,1.0,
81,MADISON,IA,,1.0,,
82,CALHOUN,IA,,1.0,,25.0
83,VAN BUREN,IA,,1.0,,
84,APPANOOSE,IA,3.0,1.0,1.0,25.0
85,IDA,IA,,1.0,,25.0
86,DECATUR,IA,,1.0,,
87,HARDIN,IA,,1.0,,
88,MONROE,IA,3.0,1.0,1.0,
89,CASS,IA,4.0,1.0,1.0,
0,JEFFERSON,AL,2.7142857142857144,10.0,1.0,2321.0
1,MOBILE,AL,2.25,6.0,1.0,1026.0
2,BALDWIN,AL,3.6666666666666665,4.0,1.0,220.0
3,MONTGOMERY,AL,3.0,3.0,1.0,349.0
4,TUSCALOOSA,AL,2.0,3.0,1.0,
5,MADISON,AL,2.0,3.0,1.0,
6,ETOWAH,AL,3.0,3.0,1.0,
7,HOUSTON,AL,2.5,2.0,1.0,
8,ELMORE,AL,4.0,2.0,1.0,69.0
9,TALLAPOOSA,AL,3.0,2.0,1.0,81.0
10,FRANKLIN,AL,4.0,2.0,1.0,100.0
11,CALHOUN,AL,2.0,2.0,1.0,338.0
12,CLARKE,AL,2.0,2.0,1.0,
13,COVINGTON,AL,3.0,2.0,1.0,99.0
14,FAYETTE,AL,4.5,2.0,1.0,71.0
15,CULLMAN,AL,2.0,2.0,1.0,115.0
16,TALLADEGA,AL,2.5,2.0,1.0,122.0
17,ESCAMBIA,AL,3.0,2.0,1.0,49.0
18,CRENSHAW,AL,4.0,2.0,1.0,
19,COLBERT,AL,3.0,2.0,1.0,
20,AUTAUGA,AL,5.0,1.0,1.0,
21,LAUDERDALE,AL,2.0,1.0,1.0,
22,BULLOCK,AL,,1.0,,
23,RUSSELL,AL,5.0,1.0,1.0,
24,LEE,AL,4.0,1.0,1.0,
25,CHOCTAW,AL,,1.0,,25.0
26,MARENGO,AL,3.0,1.0,1.0,
27,ST. CLAIR,AL,3.0,1.0,1.0,40.0
28,WILCOX,AL,,1.0,,
29,COFFEE,AL,4.0,1.0,1.0,
30,GENEVA,AL,4.0,1.0,1.0,
31,SUMTER,AL,,1.0,,
32,BIBB,AL,3.0,1.0,1.0,
33,MARSHALL,AL,2.0,1.0,1.0,
34,CHILTON,AL,4.0,1.0,1.0,30.0
35,WALKER,AL,3.0,1.0,1.0,267.0
36,WASHINGTON,AL,,1.0,,
37,DE KALB,AL,2.0,1.0,1.0,
38,JACKSON,AL,2.0,1.0,1.0,
39,RANDOLPH,AL,,1.0,,
40,CLAY,AL,4.0,1.0,1.0,
41,BLOUNT,AL,3.0,1.0,0.0,25.0
42,HALE,AL,4.0,1.0,1.0,
43,PIKE,AL,3.0,1.0,1.0,
44,CHEROKEE,AL,,1.0,,
45,MONROE,AL,3.0,1.0,1.0,
46,GREENE,AL,,1.0,,
47,PICKENS,AL,3.0,1.0,1.0,56.0
48,BARBOUR,AL,3.0,1.0,1.0,
49,BUTLER,AL,2.0,1.0,1.0,
50,DALE,AL,4.0,1.0,1.0,
51,MARION,AL,4.0,1.0,1.0,57.0
52,CONECUH,AL,4.0,1.0,1.0,
53,LAWRENCE,AL,4.0,1.0,1.0,
54,LIMESTONE,AL,3.0,1.0,1.0,
55,DALLAS,AL,2.0,1.0,1.0,
56,SHELBY,AL,2.0,1.0,1.0,252.0
57,MORGAN,AL,3.0,1.0,1.0,
58,WINSTON,AL,5.0,1.0,1.0,50.0
0,E. BATON ROUGE,LA,3.2,11.0,1.0,1758.0
1,LAFAYETTE,LA,3.8,10.0,0.8,886.0
2,ST. TAMMANY,LA,3.3333333333333335,9.0,1.0,205.0
3,ORLEANS,LA,1.6666666666666667,9.0,1.0,1019.0
4,CADDO,LA,2.25,8.0,1.0,1410.0
5,JEFFERSON,LA,3.0,8.0,1.0,1863.0
6,RAPIDES,LA,2.0,7.0,1.0,611.0
7,CALCASIEU,LA,2.75,6.0,1.0,670.0
8,OUACHITA,LA,2.6666666666666665,5.0,1.0,595.0
9,TANGIPAHOA,LA,2.0,5.0,1.0,
10,TERREBONNE,LA,3.0,4.0,1.0,
11,LAFOURCHE,LA,4.0,3.0,1.0,60.0
12,AVOYELLES,LA,3.0,3.0,1.0,
13,RICHLAND,LA,3.0,2.0,1.0,
14,VERMILION,LA,4.0,2.0,1.0,35.0
15,VERNON,LA,2.0,2.0,1.0,
16,ST. MARTIN,LA,,2.0,,25.0
17,BEAUREGARD,LA,3.0,2.0,1.0,60.0
18,ST. LANDRY,LA,3.0,2.0,1.0,
19,EVANGELINE,LA,3.5,2.0,1.0,180.0
20,WEBSTER,LA,3.5,2.0,1.0,60.0
21,LINCOLN,LA,3.0,2.0,1.0,
22,ST. MARY,LA,3.0,2.0,1.0,
23,JEFFRSON DAVIS,LA,1.0,2.0,1.0,49.0
24,ASCENSION,LA,,2.0,,
25,UNION,LA,,2.0,,20.0
26,CALDWELL,LA,3.0,2.0,0.5,
27,WASHINGTON,LA,2.0,2.0,1.0,92.0
28,ALLEN,LA,2.0,2.0,1.0,
29,ACADIA,LA,3.0,2.0,1.0,140.0
30,ST. JAMES,LA,,2.0,,
31,LASALLE,LA,3.0,2.0,1.0,
32,MOREHOUSE,LA,2.0,2.0,1.0,
33,SABINE,LA,3.0,1.0,1.0,
34,ST. CHARLES,LA,4.0,1.0,1.0,
35,RED RIVER,LA,,1.0,,25.0
36,FRANKLIN,LA,3.0,1.0,1.0,
37,CONCORDIA,LA,,1.0,,
38,BOSSIER,LA,,1.0,,
39,IBERIA,LA,3.0,1.0,1.0,
40,ASSUMPTION,LA,,1.0,,15.0
41,WINN,LA,2.0,1.0,1.0,
42,NATCHITOCHES,LA,3.0,1.0,1.0,96.0
43,WEST CARROLL,LA,3.0,1.0,1.0,
44,WEST FELICIANA,LA,,1.0,,
45,MADISON,LA,,1.0,,
46,ST. JOHN BAPTIST,LA,,1.0,,
47,ST. BERNARD,LA,2.0,1.0,1.0,
48,EAST FELICIANA,LA,,1.0,,
49,EAST CARROLL,LA,3.0,1.0,1.0,
50,DE SOTO,LA,3.0,1.0,1.0,34.0
51,CAMERON,LA,,1.0,,
52,POINTE COUPEE,LA,,1.0,,
53,BIENVILLE,LA,,1.0,,
54,ST. HELENA,LA,,1.0,,
55,CLAIBORNE,LA,4.0,1.0,1.0,
56,JACKSON,LA,3.0,1.0,1.0,
0,JOHNSON,KS,3.4,11.0,1.0,781.0
1,SEDGWICK,KS,3.75,6.0,0.75,1336.0
2,BARTON,KS,3.0,3.0,1.0,49.0
3,SHAWNEE,KS,3.5,3.0,1.0,884.0
4,MCPHERSON,KS,4.0,3.0,1.0,95.0
5,SALINE,KS,3.0,2.0,1.0,369.0
6,WILSON,KS,3.5,2.0,1.0,
7,LABETTE,KS,5.0,2.0,1.0,109.0
8,CHEROKEE,KS,,2.0,,25.0
9,NESS,KS,,2.0,,
10,RENO,KS,2.0,2.0,1.0,199.0
11,BUTLER,KS,2.5,2.0,1.0,80.0
12,DICKINSON,KS,3.0,2.0,1.0,
13,SUMNER,KS,,2.0,,
14,WASHINGTON,KS,,2.0,,
15,BARBER,KS,,2.0,,
16,MARION,KS,,2.0,,
17,COWLEY,KS,2.5,2.0,1.0,25.0
18,GEARY,KS,3.0,2.0,1.0,
19,LEAVENWORTH,KS,4.0,2.0,1.0,134.0
20,WYANDOTTE,KS,4.5,2.0,1.0,400.0
21,HARVEY,KS,5.0,2.0,1.0,55.0
22,RILEY,KS,3.0,2.0,1.0,150.0
23,PAWNEE,KS,,2.0,,25.0
24,FORD,KS,3.0,2.0,1.0,
25,POTTAWATOMIE,KS,4.0,2.0,1.0,50.0
26,MIAMI,KS,4.0,2.0,1.0,39.0
27,NEMAHA,KS,,2.0,,49.0
28,CRAWFORD,KS,3.0,2.0,1.0,168.0
29,LINCOLN,KS,,1.0,,
30,NORTON,KS,,1.0,,
31,SEWARD,KS,2.0,1.0,1.0,80.0
32,DECATUR,KS,,1.0,,25.0
33,MARSHALL,KS,5.0,1.0,1.0,25.0
34,FINNEY,KS,1.0,1.0,1.0,132.0
35,MITCHELL,KS,5.0,1.0,1.0,
36,KIOWA,KS,,1.0,,35.0
37,RICE,KS,,1.0,,
38,CLAY,KS,4.0,1.0,1.0,
39,HAMILTON,KS,,1.0,,
40,LANE,KS,,1.0,,
41,ATCHISON,KS,3.0,1.0,1.0,25.0
42,ANDERSON,KS,,1.0,,25.0
43,ELLIS,KS,4.0,1.0,1.0,194.0
44,SMITH,KS,4.0,1.0,1.0,25.0
45,HASKELL,KS,,1.0,,
46,CHEYENNE,KS,,1.0,,16.0
47,COMANCHE,KS,,1.0,,
48,PHILLIPS,KS,,1.0,,25.0
49,SHERIDAN,KS,,1.0,,
50,HARPER,KS,3.0,1.0,1.0,
51,MORRIS,KS,4.0,1.0,0.0,
52,SHERMAN,KS,3.0,1.0,1.0,
53,KINGMAN,KS,4.0,1.0,1.0,25.0
54,GRAHAM,KS,3.0,1.0,1.0,
55,STEVENS,KS,,1.0,,
56,SCOTT,KS,4.0,1.0,1.0,
57,RUSH,KS,,1.0,,
58,ELLSWORTH,KS,4.0,1.0,1.0,
59,LOGAN,KS,,1.0,,
60,RUSSELL,KS,2.0,1.0,1.0,25.0
61,EDWARDS,KS,,1.0,,
62,GREENWOOD,KS,3.0,1.0,1.0,
63,NEOSHO,KS,3.0,1.0,1.0,
64,CLARK,KS,,1.0,,
65,GRANT,KS,3.0,1.0,1.0,45.0
66,STANTON,KS,,1.0,,
67,HODGEMAN,KS,,1.0,,
68,RAWLINS,KS,,1.0,,
69,GOVE,KS,,1.0,,
70,CHAUTAUQUA,KS,,1.0,,
71,CLOUD,KS,2.0,1.0,1.0,25.0
72,GREELEY,KS,,1.0,,18.0
73,MORTON,KS,,1.0,,
74,TREGO,KS,3.0,1.0,1.0,
75,JEFFERSON,KS,,1.0,,25.0
76,LYON,KS,4.0,1.0,1.0,
77,OSBORNE,KS,,1.0,,
78,PRATT,KS,4.0,1.0,1.0,69.0
79,OTTAWA,KS,,1.0,,25.0
80,DOUGLAS,KS,3.0,1.0,1.0,
81,MEADE,KS,4.0,1.0,1.0,
82,KEARNY,KS,,1.0,,
83,JEWELL,KS,,1.0,,
84,REPUBLIC,KS,2.0,1.0,1.0,35.0
85,THOMAS,KS,4.0,1.0,1.0,25.0
86,MONTGOMERY,KS,3.0,1.0,1.0,110.0
87,FRANKLIN,KS,5.0,1.0,0.0,
88,WICHITA,KS,,1.0,,
89,ROOKS,KS,,1.0,,
90,ALLEN,KS,2.0,1.0,1.0,
91,STAFFORD,KS,,1.0,,
92,JACKSON,KS,3.0,1.0,1.0,12.0
93,BROWN,KS,4.0,1.0,1.0,25.0
0,OKLAHOMA,OK,3.5454545454545454,21.0,1.0,2109.0
1,TULSA,OK,3.6363636363636362,16.0,1.0,1967.0
2,COMANCHE,OK,2.0,4.0,1.0,
3,CREEK,OK,3.0,3.0,1.0,25.0
4,PONTOTOC,OK,4.0,3.0,1.0,156.0
5,CLEVELAND,OK,3.0,3.0,1.0,
6,CHEROKEE,OK,3.0,2.0,1.0,
7,KAY,OK,3.0,2.0,1.0,
8,OKMULGEE,OK,3.0,2.0,1.0,66.0
9,LINCOLN,OK,,2.0,,25.0
10,CADDO,OK,,2.0,,46.0
11,PITTSBURG,OK,2.0,2.0,1.0,
12,BLAINE,OK,,2.0,,25.0
13,PAYNE,OK,3.5,2.0,1.0,
14,CUSTER,OK,3.0,2.0,1.0,
15,ROGERS,OK,4.0,2.0,1.0,
16,GARFIELD,OK,4.0,2.0,1.0,183.0
17,CARTER,OK,4.0,2.0,1.0,212.0
18,WOODWARD,OK,4.0,2.0,1.0,
19,OSAGE,OK,,2.0,,25.0
20,GARVIN,OK,,1.0,,
21,MARSHALL,OK,,1.0,,
22,LOVE,OK,,1.0,,
23,WASHINGTON,OK,3.0,1.0,1.0,140.0
24,JACKSON,OK,2.0,1.0,1.0,
25,MCCLAIN,OK,4.0,1.0,1.0,39.0
26,MAJOR,OK,,1.0,,
27,HASKELL,OK,,1.0,,
28,MUSKOGEE,OK,1.0,1.0,1.0,
29,WAGONER,OK,3.0,1.0,1.0,
30,HARMON,OK,,1.0,,
31,MAYES,OK,4.0,1.0,1.0,52.0
32,SEQUOYAH,OK,3.0,1.0,1.0,
33,HUGHES,OK,4.0,1.0,1.0,
34,TEXAS,OK,4.0,1.0,1.0,
35,MURRAY,OK,,1.0,,
36,WOODS,OK,,1.0,,
37,KIOWA,OK,3.0,1.0,1.0,
38,LATIMER,OK,,1.0,,
39,PUSHMATAHA,OK,3.0,1.0,1.0,
40,DEWEY,OK,,1.0,,
41,LOGAN,OK,,1.0,,25.0
42,ROGER MILLS,OK,,1.0,,
43,HARPER,OK,,1.0,,
44,BECKHAM,OK,4.0,1.0,1.0,62.0
45,ADAIR,OK,5.0,1.0,1.0,67.0
46,STEPHENS,OK,3.0,1.0,1.0,145.0
47,DELAWARE,OK,3.0,1.0,1.0,58.0
48,NOWATA,OK,,1.0,,25.0
49,ATOKA,OK,,1.0,,
50,COAL,OK,,1.0,,20.0
51,POTTAWATOMIE,OK,3.0,1.0,1.0,102.0
52,OTTAWA,OK,3.0,1.0,1.0,117.0
53,JEFFERSON,OK,,1.0,,25.0
54,GREER,OK,,1.0,,
55,JOHNSTON,OK,,1.0,,25.0
56,GRADY,OK,4.0,1.0,1.0,
57,CANADIAN,OK,3.0,1.0,1.0,75.0
58,MCCURTAIN,OK,,1.0,,
59,KINGFISHER,OK,,1.0,,25.0
60,BEAVER,OK,,1.0,,
61,CHOCTAW,OK,3.0,1.0,1.0,
62,WASHITA,OK,,1.0,,
63,ELLIS,OK,,1.0,,13.0
64,SEMINOLE,OK,4.0,1.0,1.0,
65,BRYAN,OK,2.0,1.0,1.0,
66,CIMARRON,OK,,1.0,,
67,CRAIG,OK,4.0,1.0,1.0,
68,LE FLORE,OK,3.0,1.0,1.0,
69,NOBLE,OK,3.0,1.0,1.0,
70,OKFUSKEE,OK,,1.0,,
71,PAWNEE,OK,,1.0,,14.0
0,HENNEPIN,MN,3.7142857142857144,9.0,1.0,5313.0
1,ST. LOUIS,MN,3.8,8.0,0.6,1114.0
2,RAMSEY,MN,3.25,5.0,0.75,1671.0
3,STEARNS,MN,4.0,4.0,1.0,572.0
4,BELTRAMI,MN,2.0,3.0,1.0,118.0
5,BROWN,MN,4.0,3.0,1.0,86.0
6,ITASCA,MN,4.0,3.0,1.0,84.0
7,OTTER TAIL,MN,4.5,3.0,1.0,100.0
8,CROW WING,MN,4.0,3.0,1.0,204.0
9,WRIGHT,MN,5.0,3.0,0.0,101.0
10,OLMSTED,MN,5.0,3.0,1.0,2120.0
11,KANDIYOHI,MN,4.0,2.0,1.0,136.0
12,LYON,MN,4.0,2.0,1.0,50.0
13,YELLOW MEDCINE,MN,,2.0,,29.0
14,SWIFT,MN,,2.0,,
15,LINCOLN,MN,,2.0,,44.0
16,DOUGLAS,MN,4.0,2.0,1.0,
17,LAC QUI PARLE,MN,,2.0,,12.0
18,MC LEOD,MN,4.0,2.0,1.0,115.0
19,TODD,MN,4.0,2.0,1.0,71.0
20,ANOKA,MN,4.0,2.0,1.0,573.0
21,WASHINGTON,MN,4.5,2.0,0.5,183.0
22,SCOTT,MN,3.5,2.0,1.0,118.0
23,MILLE LACS,MN,4.5,2.0,1.0,85.0
24,WABASHA,MN,,2.0,,43.0
25,BIG STONE,MN,,2.0,,15.0
26,DAKOTA,MN,4.0,2.0,1.0,207.0
27,CARLTON,MN,4.0,2.0,1.0,36.0
28,POLK,MN,4.0,2.0,1.0,92.0
29,WATONWAN,MN,,2.0,,50.0
30,GOODHUE,MN,4.0,2.0,1.0,65.0
31,RICE,MN,3.5,2.0,1.0,99.0
32,COTTONWOOD,MN,,2.0,,8.0
33,PENNINGTON,MN,3.0,2.0,1.0,36.0
34,MARSHALL,MN,,1.0,,12.0
35,TRAVERSE,MN,,1.0,,25.0
36,FARIBAULT,MN,,1.0,,43.0
37,HUBBARD,MN,4.0,1.0,1.0,50.0
38,SIBLEY,MN,,1.0,,20.0
39,AITKIN,MN,5.0,1.0,1.0,31.0
40,NICOLLET,MN,,1.0,,
41,WILKIN,MN,3.0,1.0,1.0,25.0
42,PIPESTONE,MN,,1.0,,
43,POPE,MN,,1.0,,
44,CASS,MN,,1.0,,
45,CHISAGO,MN,4.0,1.0,1.0,61.0
46,MAHNOMEN,MN,,1.0,,
47,FREEBORN,MN,4.0,1.0,1.0,181.0
48,MURRAY,MN,,1.0,,
49,NOBLES,MN,4.0,1.0,1.0,55.0
50,MEEKER,MN,,1.0,,
51,MARTIN,MN,4.0,1.0,1.0,57.0
52,STEVENS,MN,4.0,1.0,1.0,54.0
53,ROSEAU,MN,,1.0,,15.0
54,WADENA,MN,4.0,1.0,1.0,49.0
55,BECKER,MN,4.0,1.0,0.0,87.0
56,LAKE OF  WOODS,MN,,1.0,,15.0
57,RENVILLE,MN,,1.0,,
58,CLEARWATER,MN,,1.0,,25.0
59,KANABEC,MN,4.0,1.0,1.0,
60,MORRISON,MN,3.0,1.0,1.0,49.0
61,KITTSON,MN,,1.0,,15.0
62,ISANTI,MN,4.0,1.0,1.0,86.0
63,LE SUEUR,MN,,1.0,,15.0
64,WINONA,MN,4.0,1.0,1.0,99.0
65,KOOCHICHING,MN,,1.0,,25.0
66,WASECA,MN,,1.0,,25.0
67,NORMAN,MN,,1.0,,14.0
68,ROCK,MN,,1.0,,28.0
69,STEELE,MN,4.0,1.0,1.0,77.0
70,CARVER,MN,4.0,1.0,1.0,109.0
71,LAKE,MN,,1.0,,25.0
72,GRANT,MN,,1.0,,10.0
73,CHIPPEWA,MN,2.0,1.0,1.0,
74,JACKSON,MN,,1.0,,20.0
75,REDWOOD,MN,4.0,1.0,1.0,
76,COOK,MN,,1.0,,
77,BLUE EARTH,MN,4.0,1.0,1.0,272.0
78,PINE,MN,,1.0,,35.0
0,KING,WA,3.9285714285714284,21.0,1.0,3146.0
1,SPOKANE,WA,3.5,7.0,1.0,917.0
2,PIERCE,WA,2.6,7.0,1.0,1339.0
3,SNOHOMISH,WA,2.5,5.0,1.0,485.0
4,CHELAN,WA,4.0,4.0,1.0,218.0
5,BENTON,WA,3.6666666666666665,4.0,1.0,141.0
6,YAKIMA,WA,3.0,4.0,1.0,431.0
7,GRANT,WA,3.5,4.0,1.0,
8,SKAGIT,WA,3.0,3.0,1.0,30.0
9,OKANOGAN,WA,3.0,3.0,1.0,
10,PACIFIC,WA,3.0,2.0,1.0,
11,THURSTON,WA,3.5,2.0,1.0,340.0
12,KITSAP,WA,3.0,2.0,1.0,297.0
13,LINCOLN,WA,5.0,2.0,1.0,
14,CLARK,WA,4.0,2.0,1.0,440.0
15,LEWIS,WA,4.0,2.0,1.0,191.0
16,WHITMAN,WA,4.5,2.0,1.0,
17,GRAYS HARBOR,WA,2.5,2.0,1.0,70.0
18,ADAMS,WA,,2.0,,
19,KLICKITAT,WA,,2.0,,
20,STEVENS,WA,4.0,2.0,1.0,90.0
21,ISLAND,WA,3.0,2.0,1.0,
22,CLALLAM,WA,4.0,2.0,1.0,
23,PEND OREILLE,WA,4.0,1.0,1.0,
24,COLUMBIA,WA,,1.0,,
25,WHATCOM,WA,4.0,1.0,1.0,253.0
26,MASON,WA,3.0,1.0,1.0,
27,COWLITZ,WA,3.0,1.0,1.0,368.0
28,SAN JUAN,WA,,1.0,,10.0
29,ASOTIN,WA,4.0,1.0,1.0,25.0
30,FERRY,WA,,1.0,,
31,JEFFERSON,WA,5.0,1.0,1.0,
32,WALLA WALLA,WA,5.0,1.0,1.0,146.0
33,FRANKLIN,WA,4.0,1.0,1.0,35.0
34,GARFIELD,WA,,1.0,,
35,KITTITAS,WA,4.0,1.0,1.0,
0,ESSEX,NJ,2.4285714285714284,8.0,0.8571428571428571,2370.0
1,MIDDLESEX,NJ,2.2,7.0,1.0,2564.0
2,HUDSON,NJ,1.6666666666666667,7.0,1.0,1066.0
3,BERGEN,NJ,2.8333333333333335,7.0,1.0,2045.0
4,BURLINGTON,NJ,2.6666666666666665,6.0,0.3333333333333333,723.0
5,OCEAN,NJ,2.5,5.0,1.0,1516.0
6,CAMDEN,NJ,3.0,5.0,1.0,2270.0
7,MERCER,NJ,2.5,5.0,0.75,1297.0
8,UNION,NJ,2.3333333333333335,5.0,1.0,1113.0
9,MONMOUTH,NJ,2.8,5.0,1.0,1878.0
10,MORRIS,NJ,4.333333333333333,4.0,1.0,821.0
11,ATLANTIC,NJ,2.5,3.0,1.0,565.0
12,SALEM,NJ,2.0,2.0,1.0,91.0
13,WARREN,NJ,2.5,2.0,1.0,305.0
14,SOMERSET,NJ,3.0,2.0,1.0,335.0
15,PASSAIC,NJ,2.0,2.0,1.0,852.0
16,GLOUCESTER,NJ,2.0,1.0,1.0,287.0
17,CAPE MAY,NJ,3.0,1.0,1.0,242.0
18,CUMBERLAND,NJ,1.0,1.0,1.0,293.0
19,SUSSEX,NJ,4.0,1.0,1.0,148.0
20,HUNTERDON,NJ,4.0,1.0,1.0,176.0
0,RANKIN,MS,3.0,6.0,1.0,
1,HINDS,MS,2.0,5.0,1.0,1334.0
2,HARRISON,MS,2.3333333333333335,5.0,1.0,
3,LAUDERDALE,MS,2.0,4.0,1.0,615.0
4,DE SOTO,MS,2.5,3.0,0.5,221.0
5,NESHOBA,MS,2.5,3.0,1.0,25.0
6,SIMPSON,MS,2.0,2.0,1.0,99.0
7,MONROE,MS,3.0,2.0,1.0,
8,LEE,MS,3.0,2.0,1.0,650.0
9,LAMAR,MS,2.0,2.0,1.0,
10,GREENE,MS,,2.0,,
11,SCOTT,MS,3.5,2.0,1.0,65.0
12,SUNFLOWER,MS,2.5,2.0,1.0,
13,PEARL RIVER,MS,2.0,2.0,1.0,
14,PIKE,MS,1.0,2.0,1.0,37.0
15,JONES,MS,2.0,1.0,1.0,
16,MADISON,MS,3.0,1.0,1.0,
17,COVINGTON,MS,2.0,1.0,1.0,
18,JACKSON,MS,2.0,1.0,1.0,
19,WEBSTER,MS,5.0,1.0,1.0,43.0
20,GRENADA,MS,3.0,1.0,1.0,
21,SHARKEY,MS,,1.0,,
22,HANCOCK,MS,4.0,1.0,1.0,
23,HOLMES,MS,,1.0,,
24,BOLIVAR,MS,3.0,1.0,1.0,
25,CHICKASAW,MS,,1.0,,
26,CHOCTAW,MS,,1.0,,
27,CLARKE,MS,,1.0,,25.0
28,PRENTISS,MS,4.0,1.0,1.0,114.0
29,ALCORN,MS,2.0,1.0,1.0,
30,WALTHALL,MS,,1.0,,
31,SMITH,MS,,1.0,,
32,UNION,MS,5.0,1.0,1.0,153.0
33,LINCOLN,MS,2.0,1.0,1.0,122.0
34,LEAKE,MS,3.0,1.0,1.0,25.0
35,LEFLORE,MS,2.0,1.0,1.0,
36,LAFAYETTE,MS,4.0,1.0,1.0,217.0
37,CLAIBORNE,MS,,1.0,,
38,WASHINGTON,MS,1.0,1.0,1.0,
39,STONE,MS,,1.0,,
40,TATE,MS,3.0,1.0,1.0,
41,KEMPER,MS,,1.0,,25.0
42,MONTGOMERY,MS,3.0,1.0,1.0,
43,COPIAH,MS,,1.0,,
44,PONTOTOC,MS,4.0,1.0,1.0,25.0
45,CALHOUN,MS,,1.0,,30.0
46,TIPPAH,MS,4.0,1.0,1.0,
47,JEFFERSON,MS,,1.0,,
48,JEFFERSON DAVIS,MS,,1.0,,35.0
49,FRANKLIN,MS,,1.0,,
50,OKTIBBEHA,MS,3.0,1.0,1.0,
51,CLAY,MS,3.0,1.0,1.0,60.0
52,WARREN,MS,1.0,1.0,1.0,
53,FORREST,MS,1.0,1.0,1.0,
54,GEORGE,MS,3.0,1.0,1.0,
55,COAHOMA,MS,3.0,1.0,1.0,
56,NOXUBEE,MS,,1.0,,
57,TISHOMINGO,MS,5.0,1.0,1.0,48.0
58,YAZOO,MS,4.0,1.0,1.0,35.0
59,YALOBUSHA,MS,3.0,1.0,0.0,
60,TALLAHATCHIE,MS,,1.0,,
61,MARSHALL,MS,2.0,1.0,1.0,
62,PANOLA,MS,3.0,1.0,1.0,
63,WINSTON,MS,,1.0,,41.0
64,LOWNDES,MS,3.0,1.0,1.0,328.0
65,QUITMAN,MS,,1.0,,
66,ATTALA,MS,3.0,1.0,1.0,25.0
67,ADAMS,MS,2.0,1.0,1.0,
68,WILKINSON,MS,3.0,1.0,1.0,
69,MARION,MS,3.0,1.0,1.0,
70,WAYNE,MS,3.0,1.0,1.0,
71,LAWRENCE,MS,3.0,1.0,1.0,
72,JASPER,MS,,1.0,,
0,PULASKI,AR,2.4285714285714284,12.0,1.0,2483.0
1,WASHINGTON,AR,2.0,6.0,1.0,269.0
2,BENTON,AR,4.0,3.0,1.0,208.0
3,SEBASTIAN,AR,2.5,3.0,1.0,360.0
4,FAULKNER,AR,2.5,3.0,1.0,261.0
5,GARLAND,AR,2.0,3.0,1.0,332.0
6,ARKANSAS,AR,4.0,2.0,1.0,74.0
7,BAXTER,AR,2.5,2.0,1.0,293.0
8,MISSISSIPPI,AR,3.0,2.0,1.0,
9,YELL,AR,2.5,2.0,1.0,41.0
10,DESHA,AR,2.0,2.0,1.0,50.0
11,SALINE,AR,2.0,2.0,1.0,177.0
12,CRAIGHEAD,AR,1.5,2.0,1.0,570.0
13,CRITTENDEN,AR,,2.0,,
14,LOGAN,AR,,2.0,,41.0
15,CARROLL,AR,3.0,2.0,1.0,25.0
16,VAN BUREN,AR,3.0,1.0,1.0,25.0
17,DREW,AR,3.0,1.0,1.0,49.0
18,LITTLE RIVER,AR,,1.0,,25.0
19,SCOTT,AR,,1.0,,24.0
20,CHICOT,AR,3.0,1.0,1.0,25.0
21,HOWARD,AR,4.0,1.0,1.0,25.0
22,CLEBURNE,AR,4.0,1.0,1.0,25.0
23,UNION,AR,3.0,1.0,1.0,
24,OUACHITA,AR,4.0,1.0,1.0,98.0
25,COLUMBIA,AR,2.0,1.0,1.0,
26,JEFFERSON,AR,1.0,1.0,1.0,471.0
27,BRADLEY,AR,4.0,1.0,1.0,35.0
28,MILLER,AR,,1.0,,
29,HOT SPRING,AR,4.0,1.0,1.0,72.0
30,DALLAS,AR,,1.0,,
31,POPE,AR,3.0,1.0,1.0,
32,HEMPSTEAD,AR,3.0,1.0,1.0,
33,LAWRENCE,AR,3.0,1.0,1.0,
34,INDEPENDENCE,AR,4.0,1.0,1.0,224.0
35,FULTON,AR,4.0,1.0,1.0,
36,ST. FRANCIS,AR,3.0,1.0,1.0,
37,ASHLEY,AR,3.0,1.0,1.0,33.0
38,BOONE,AR,2.0,1.0,1.0,174.0
39,CLARK,AR,4.0,1.0,1.0,25.0
40,CONWAY,AR,3.0,1.0,1.0,35.0
41,CRAWFORD,AR,3.0,1.0,1.0,
42,FRANKLIN,AR,3.0,1.0,1.0,25.0
43,RANDOLPH,AR,2.0,1.0,1.0,50.0
44,CLAY,AR,2.0,1.0,1.0,
45,WHITE,AR,2.0,1.0,1.0,571.0
46,CROSS,AR,5.0,1.0,1.0,25.0
47,GREENE,AR,2.0,1.0,1.0,129.0
48,JOHNSON,AR,2.0,1.0,1.0,90.0
49,PHILLIPS,AR,2.0,1.0,1.0,
50,STONE,AR,4.0,1.0,1.0,25.0
51,POLK,AR,3.0,1.0,1.0,
0,SUFFOLK,MA,3.4444444444444446,15.0,0.8888888888888888,4061.0
1,MIDDLESEX,MA,3.272727272727273,14.0,1.0,1881.0
2,WORCESTER,MA,2.5714285714285716,10.0,1.0,868.0
3,BRISTOL,MA,1.75,8.0,1.0,1112.0
4,HAMPDEN,MA,3.2,6.0,1.0,1397.0
5,ESSEX,MA,2.8,6.0,1.0,1218.0
6,NORFOLK,MA,3.25,6.0,1.0,687.0
7,PLYMOUTH,MA,3.3333333333333335,4.0,1.0,591.0
8,BARNSTABLE,MA,5.0,3.0,1.0,354.0
9,BERKSHIRE,MA,3.5,2.0,1.0,344.0
10,NANTUCKET,MA,3.0,1.0,1.0,19.0
11,DUKES,MA,4.0,1.0,1.0,19.0
12,HAMPSHIRE,MA,3.0,1.0,1.0,142.0
13,FRANKLIN,MA,3.0,1.0,1.0,92.0
0,MARICOPA,AZ,3.1153846153846154,46.0,0.9230769230769231,6732.0
1,PIMA,AZ,2.375,12.0,1.0,2171.0
2,NAVAJO,AZ,4.0,5.0,1.0,114.0
3,PINAL,AZ,3.6666666666666665,4.0,1.0,278.0
4,APACHE,AZ,3.5,4.0,1.0,50.0
5,COCONINO,AZ,4.5,4.0,0.5,395.0
6,MOHAVE,AZ,2.5,4.0,1.0,235.0
7,COCHISE,AZ,2.0,4.0,1.0,148.0
8,GILA,AZ,3.0,3.0,1.0,25.0
9,YAVAPAI,AZ,4.0,3.0,1.0,316.0
10,LAPAZ,AZ,3.0,2.0,1.0,25.0
11,YUMA,AZ,3.0,1.0,1.0,369.0
12,GRAHAM,AZ,3.0,1.0,1.0,49.0
13,SANTA CRUZ,AZ,,1.0,,25.0
0,GREENVILLE,SC,4.166666666666667,9.0,0.8333333333333334,1430.0
1,CHARLESTON,SC,3.3333333333333335,7.0,1.0,657.0
2,HORRY,SC,4.0,5.0,1.0,482.0
3,RICHLAND,SC,3.0,4.0,1.0,1298.0
4,LEXINGTON,SC,3.5,3.0,1.0,57.0
5,BEAUFORT,SC,2.5,3.0,1.0,
6,FLORENCE,SC,3.0,3.0,1.0,453.0
7,ANDERSON,SC,3.0,2.0,1.0,533.0
8,PICKENS,SC,3.5,2.0,1.0,164.0
9,DARLINGTON,SC,3.0,2.0,1.0,72.0
10,LANCASTER,SC,2.0,2.0,1.0,
11,CHESTERFIELD,SC,2.0,1.0,1.0,59.0
12,WILLIAMSBURG,SC,,1.0,,25.0
13,ALLENDALE,SC,,1.0,,
14,JASPER,SC,3.0,1.0,1.0,
15,ABBEVILLE,SC,3.0,1.0,1.0,
16,SUMTER,SC,2.0,1.0,1.0,283.0
17,GREENWOOD,SC,3.0,1.0,1.0,
18,HAMPTON,SC,3.0,1.0,1.0,32.0
19,OCONEE,SC,4.0,1.0,1.0,169.0
20,SPARTANBURG,SC,2.0,1.0,1.0,
21,MARION,SC,2.0,1.0,1.0,
22,COLLETON,SC,3.0,1.0,1.0,
23,UNION,SC,4.0,1.0,1.0,
24,NEWBERRY,SC,4.0,1.0,1.0,
25,YORK,SC,2.0,1.0,1.0,
26,CHEROKEE,SC,3.0,1.0,1.0,125.0
27,LAURENS,SC,4.0,1.0,1.0,76.0
28,ORANGEBURG,SC,1.0,1.0,0.0,
29,CHESTER,SC,2.0,1.0,1.0,
30,KERSHAW,SC,4.0,1.0,1.0,121.0
31,CLARENDON,SC,4.0,1.0,1.0,81.0
32,GEORGETOWN,SC,4.0,1.0,1.0,131.0
33,EDGEFIELD,SC,,1.0,,
34,DILLON,SC,4.0,1.0,1.0,92.0
35,AIKEN,SC,2.0,1.0,1.0,
0,MULTNOMAH,OR,4.166666666666667,7.0,1.0,2022.0
1,LANE,OR,3.8,5.0,1.0,483.0
2,WASHINGTON,OR,4.25,5.0,1.0,1010.0
3,MARION,OR,3.3333333333333335,4.0,1.0,522.0
4,COOS,OR,3.5,3.0,1.0,
5,CLACKAMAS,OR,4.0,3.0,0.6666666666666666,549.0
6,JACKSON,OR,4.666666666666667,3.0,1.0,595.0
7,DOUGLAS,OR,3.0,2.0,1.0,174.0
8,LINN,OR,4.5,2.0,1.0,128.0
9,YAMHILL,OR,4.0,2.0,1.0,40.0
10,DESCHUTES,OR,3.5,2.0,1.0,279.0
11,CLATSOP,OR,3.5,2.0,1.0,83.0
12,LINCOLN,OR,3.5,2.0,1.0,63.0
13,UMATILLA,OR,3.5,2.0,1.0,98.0
14,LAKE,OR,,1.0,,
15,JOSEPHINE,OR,5.0,1.0,1.0,150.0
16,CURRY,OR,3.0,1.0,1.0,
17,MORROW,OR,,1.0,,
18,HOOD RIVER,OR,4.0,1.0,1.0,32.0
19,KLAMATH,OR,3.0,1.0,1.0,176.0
20,TILLAMOOK,OR,4.0,1.0,1.0,49.0
21,WASCO,OR,4.0,1.0,1.0,49.0
22,GRANT,OR,,1.0,,
23,UNION,OR,3.0,1.0,1.0,49.0
24,BENTON,OR,4.0,1.0,1.0,188.0
25,HARNEY,OR,,1.0,,
26,MALHEUR,OR,5.0,1.0,1.0,49.0
27,BAKER,OR,4.0,1.0,1.0,36.0
28,CROOK,OR,4.0,1.0,1.0,35.0
29,JEFFERSON,OR,3.0,1.0,1.0,36.0
30,WALLOWA,OR,5.0,1.0,1.0,
31,POLK,OR,,1.0,,25.0
0,DENVER,CO,3.8,7.0,1.0,2081.0
1,BOULDER,CO,3.5,6.0,1.0,697.0
2,EL PASO,CO,4.5,6.0,1.0,1105.0
3,LARIMER,CO,4.333333333333333,5.0,1.0,554.0
4,JEFFERSON,CO,3.5,4.0,1.0,1005.0
5,DOUGLAS,CO,4.666666666666667,4.0,1.0,340.0
6,MESA,CO,4.0,4.0,1.0,434.0
7,ADAMS,CO,3.6666666666666665,4.0,1.0,669.0
8,ARAPAHOE,CO,4.0,4.0,1.0,945.0
9,PUEBLO,CO,3.0,3.0,1.0,758.0
10,LA PLATA,CO,5.0,2.0,1.0,82.0
11,WELD,CO,4.0,2.0,1.0,378.0
12,PHILLIPS,CO,,2.0,,
13,YUMA,CO,,2.0,,
14,RIO BLANCO,CO,,2.0,,
15,MORGAN,CO,3.0,2.0,1.0,25.0
16,GARFIELD,CO,4.0,2.0,1.0,78.0
17,KIOWA,CO,,1.0,,
18,LOGAN,CO,3.0,1.0,1.0,36.0
19,SEDGWICK,CO,,1.0,,
20,SUMMIT,CO,,1.0,,35.0
21,CHEYENNE,CO,,1.0,,
22,CONEJOS,CO,,1.0,,17.0
23,ARCHULETA,CO,,1.0,,
24,EAGLE,CO,4.0,1.0,1.0,58.0
25,KIT CARSON,CO,,1.0,,
26,GUNNISON,CO,,1.0,,
27,LAS ANIMAS,CO,5.0,1.0,1.0,25.0
28,LAKE,CO,,1.0,,
29,TELLER,CO,,1.0,,
30,ROUTT,CO,4.0,1.0,1.0,39.0
31,OTERO,CO,2.0,1.0,1.0,
32,BROOMFIELD,CO,4.0,1.0,1.0,196.0
33,ALAMOSA,CO,4.0,1.0,1.0,59.0
34,FREMONT,CO,,1.0,,
35,PROWERS,CO,4.0,1.0,1.0,
36,HUERFANO,CO,4.0,1.0,1.0,
37,PITKIN,CO,,1.0,,
38,CHAFFEE,CO,4.0,1.0,1.0,
39,BACA,CO,,1.0,,
40,MONTROSE,CO,5.0,1.0,1.0,75.0
41,GRAND,CO,,1.0,,
42,DELTA,CO,4.0,1.0,1.0,
43,LINCOLN,CO,,1.0,,
44,MONTEZUMA,CO,4.0,1.0,1.0,25.0
45,MOFFAT,CO,3.0,1.0,1.0,
46,RIO GRANDE,CO,5.0,1.0,1.0,17.0
0,DOUGLAS,NE,4.0,11.0,1.0,2232.0
1,LANCASTER,NE,4.0,5.0,0.6666666666666666,958.0
2,HOLT,NE,3.0,3.0,1.0,43.0
3,DAWSON,NE,3.5,3.0,1.0,
4,YORK,NE,3.0,2.0,1.0,38.0
5,SALINE,NE,,2.0,,25.0
6,CUSTER,NE,3.0,2.0,1.0,23.0
7,BUFFALO,NE,3.0,2.0,1.0,165.0
8,SARPY,NE,4.5,2.0,1.0,222.0
9,OTOE,NE,3.0,2.0,1.0,18.0
10,PLATTE,NE,4.0,2.0,1.0,47.0
11,PIERCE,NE,,2.0,,44.0
12,WEBSTER,NE,,1.0,,
13,BOX BUTTE,NE,4.0,1.0,1.0,
14,DUNDY,NE,,1.0,,
15,VALLEY,NE,3.0,1.0,1.0,
16,MORRILL,NE,,1.0,,
17,NEMAHA,NE,,1.0,,
18,THURSTON,NE,4.0,1.0,1.0,
19,HAMILTON,NE,3.0,1.0,1.0,14.0
20,KEARNEY,NE,,1.0,,
21,LINCOLN,NE,3.0,1.0,1.0,116.0
22,HOWARD,NE,4.0,1.0,1.0,
23,KEITH,NE,,1.0,,18.0
24,SAUNDERS,NE,,1.0,,
25,PERKINS,NE,4.0,1.0,1.0,
26,CHERRY,NE,3.0,1.0,1.0,
27,CHASE,NE,,1.0,,
28,KIMBALL,NE,,1.0,,
29,COLFAX,NE,,1.0,,25.0
30,GARDEN,NE,,1.0,,10.0
31,HALL,NE,2.0,1.0,1.0,130.0
32,FURNAS,NE,,1.0,,25.0
33,PHELPS,NE,5.0,1.0,1.0,25.0
34,PAWNEE,NE,,1.0,,
35,POLK,NE,,1.0,,
36,JOHNSON,NE,,1.0,,
37,SCOTT BLUFF,NE,1.0,1.0,1.0,166.0
38,WASHINGTON,NE,,1.0,,25.0
39,RED WILLOW,NE,2.0,1.0,1.0,25.0
40,MADISON,NE,3.0,1.0,1.0,133.0
41,MERRICK,NE,,1.0,,20.0
42,CHEYENNE,NE,3.0,1.0,1.0,25.0
43,THAYER,NE,4.0,1.0,1.0,
44,BROWN,NE,,1.0,,
45,BOONE,NE,5.0,1.0,1.0,
46,JEFFERSON,NE,4.0,1.0,1.0,17.0
47,FRANKLIN,NE,,1.0,,
48,ANTELOPE,NE,,1.0,,25.0
49,SEWARD,NE,3.0,1.0,1.0,25.0
50,HARLAN,NE,,1.0,,
51,KNOX,NE,,1.0,,23.0
52,CUMING,NE,4.0,1.0,1.0,25.0
53,DAWES,NE,4.0,1.0,1.0,25.0
54,SHERIDAN,NE,,1.0,,
55,GAGE,NE,4.0,1.0,1.0,25.0
56,BUTLER,NE,4.0,1.0,1.0,
57,FILLMORE,NE,4.0,1.0,1.0,
58,ADAMS,NE,4.0,1.0,1.0,163.0
59,NUCKOLLS,NE,5.0,1.0,1.0,25.0
60,DODGE,NE,4.0,1.0,1.0,
61,WAYNE,NE,4.0,1.0,1.0,25.0
62,RICHARDSON,NE,4.0,1.0,1.0,24.0
63,BOYD,NE,,1.0,,20.0
64,BURT,NE,,1.0,,18.0
0,BALTIMORE CITY,MD,3.0,14.0,0.9090909090909091,5003.0
1,MONTGOMERY,MD,3.3333333333333335,7.0,1.0,1482.0
2,BALTIMORE,MD,3.5,7.0,1.0,1295.0
3,PRINCE GEORGES,MD,1.8,5.0,1.0,769.0
4,ALLEGANY,MD,2.0,2.0,1.0,240.0
5,CARROLL,MD,2.0,2.0,1.0,158.0
6,HARFORD,MD,3.5,2.0,1.0,320.0
7,WASHINGTON,MD,3.0,2.0,1.0,271.0
8,ANNE ARUNDEL,MD,3.5,2.0,1.0,699.0
9,GARRETT,MD,5.0,1.0,1.0,
10,SOMERSET,MD,,1.0,,8.0
11,CHARLES,MD,2.0,1.0,1.0,131.0
12,ST. MARYS,MD,3.0,1.0,1.0,107.0
13,KENT,MD,4.0,1.0,1.0,64.0
14,CECIL,MD,2.0,1.0,0.0,166.0
15,CALVERT,MD,4.0,1.0,1.0,157.0
16,WICOMICO,MD,5.0,1.0,1.0,400.0
17,TALBOT,MD,4.0,1.0,1.0,189.0
18,FREDERICK,MD,2.0,1.0,1.0,248.0
19,HOWARD,MD,4.0,1.0,1.0,233.0
20,WORCESTER,MD,4.0,1.0,1.0,48.0
21,DORCHESTER,MD,,1.0,,
0,KANAWHA,WV,2.3333333333333335,5.0,1.0,1329.0
1,CABELL,WV,3.0,4.0,1.0,762.0
2,HARRISON,WV,4.0,2.0,1.0,375.0
3,RALEIGH,WV,2.0,2.0,1.0,173.0
4,FAYETTE,WV,4.0,2.0,1.0,69.0
5,MONONGALIA,WV,3.0,2.0,1.0,720.0
6,MERCER,WV,2.0,2.0,1.0,
7,OHIO,WV,1.5,2.0,1.0,730.0
8,LOGAN,WV,3.0,1.0,1.0,
9,HAMPSHIRE,WV,3.0,1.0,1.0,44.0
10,BRAXTON,WV,,1.0,,25.0
11,MINGO,WV,3.0,1.0,1.0,
12,LEWIS,WV,3.0,1.0,1.0,70.0
13,TYLER,WV,,1.0,,
14,MASON,WV,3.0,1.0,1.0,201.0
15,MARION,WV,2.0,1.0,1.0,252.0
16,ROANE,WV,3.0,1.0,1.0,60.0
17,MARSHALL,WV,2.0,1.0,1.0,127.0
18,BARBOUR,WV,,1.0,,72.0
19,POCAHONTAS,WV,,1.0,,
20,NICHOLAS,WV,,1.0,,
21,TAYLOR,WV,,1.0,,102.0
22,PRESTON,WV,5.0,1.0,1.0,25.0
23,JACKSON,WV,4.0,1.0,1.0,25.0
24,MORGAN,WV,5.0,1.0,1.0,25.0
25,GREENBRIER,WV,4.0,1.0,1.0,
26,SUMMERS,WV,,1.0,,25.0
27,WOOD,WV,2.0,1.0,1.0,343.0
28,HANCOCK,WV,4.0,1.0,1.0,238.0
29,BERKELEY,WV,4.0,1.0,1.0,241.0
30,UPSHUR,WV,3.0,1.0,1.0,51.0
31,WEBSTER,WV,,1.0,,15.0
32,RANDOLPH,WV,4.0,1.0,1.0,90.0
33,WETZEL,WV,4.0,1.0,1.0,
34,MC DOWELL,WV,4.0,1.0,1.0,
35,JEFFERSON,WV,4.0,1.0,1.0,25.0
36,BOONE,WV,4.0,1.0,1.0,25.0
37,CALHOUN,WV,3.0,1.0,1.0,43.0
38,GRANT,WV,3.0,1.0,1.0,45.0
39,MINERAL,WV,5.0,1.0,1.0,25.0
0,SALT LAKE,UT,4.0,15.0,1.0,1228.0
1,UTAH,UT,4.25,7.0,1.0,491.0
2,DAVIS,UT,3.5,3.0,1.0,
3,BOX ELDER,UT,4.0,2.0,1.0,16.0
4,BEAVER,UT,,2.0,,
5,WEBER,UT,3.5,2.0,1.0,321.0
6,CACHE,UT,5.0,2.0,1.0,148.0
7,SANPETE,UT,4.0,2.0,1.0,18.0
8,SAN JUAN,UT,,2.0,,11.0
9,MILLARD,UT,,2.0,,37.0
10,WASHINGTON,UT,5.0,1.0,1.0,245.0
11,WASATCH,UT,4.0,1.0,1.0,19.0
12,GRAND,UT,,1.0,,17.0
13,SEVIER,UT,5.0,1.0,1.0,42.0
14,SUMMIT,UT,4.0,1.0,1.0,30.0
15,JUAB,UT,4.0,1.0,1.0,25.0
16,CARBON,UT,3.0,1.0,1.0,
17,TOOELE,UT,4.0,1.0,1.0,
18,KANE,UT,,1.0,,
19,GARFIELD,UT,4.0,1.0,1.0,
20,IRON,UT,5.0,1.0,1.0,48.0
21,UINTAH,UT,4.0,1.0,1.0,
22,DUCHESNE,UT,3.0,1.0,1.0,49.0
0,PENOBSCOT,ME,3.25,6.0,1.0,573.0
1,CUMBERLAND,ME,3.75,5.0,1.0,953.0
2,AROOSTOOK,ME,3.5,4.0,1.0,163.0
3,HANCOCK,ME,4.333333333333333,3.0,1.0,114.0
4,OXFORD,ME,4.0,2.0,1.0,50.0
5,YORK,ME,4.0,2.0,1.0,229.0
6,KENNEBEC,ME,4.0,2.0,1.0,335.0
7,PISCATAQUIS,ME,4.0,2.0,1.0,25.0
8,WASHINGTON,ME,3.5,2.0,1.0,50.0
9,ANDROSCOGGIN,ME,2.5,2.0,1.0,483.0
10,SOMERSET,ME,4.0,2.0,1.0,50.0
11,LINCOLN,ME,4.0,1.0,1.0,25.0
12,WALDO,ME,4.0,1.0,1.0,25.0
13,KNOX,ME,4.0,1.0,1.0,109.0
14,FRANKLIN,ME,4.0,1.0,1.0,70.0
0,BERNALILLO,NM,3.0,7.0,1.0,623.0
1,MCKINLEY,NM,2.0,4.0,1.0,69.0
2,DONA ANA,NM,1.5,4.0,1.0,
3,SANTA FE,NM,5.0,3.0,1.0,248.0
4,CHAVES,NM,3.0,2.0,1.0,
5,CIBOLA,NM,4.0,2.0,1.0,25.0
6,OTERO,NM,3.0,2.0,1.0,94.0
7,SAN JUAN,NM,2.5,2.0,1.0,240.0
8,EDDY,NM,2.5,2.0,0.5,49.0
9,LEA,NM,4.0,2.0,1.0,
10,SOCORRO,NM,,1.0,,24.0
11,LOS ALAMOS,NM,3.0,1.0,1.0,
12,LINCOLN,NM,5.0,1.0,1.0,25.0
13,LUNA,NM,2.0,1.0,1.0,
14,GRANT,NM,4.0,1.0,1.0,
15,SIERRA,NM,,1.0,,
16,GUADALUPE,NM,,1.0,,
17,RIO ARRIBA,NM,4.0,1.0,1.0,80.0
18,QUAY,NM,,1.0,,25.0
19,UNION,NM,,1.0,,25.0
20,ROOSEVELT,NM,3.0,1.0,1.0,
21,TAOS,NM,4.0,1.0,1.0,
22,SANDOVAL,NM,4.0,1.0,1.0,
23,COLFAX,NM,3.0,1.0,1.0,
24,CURRY,NM,3.0,1.0,1.0,106.0
25,SAN MIGUEL,NM,3.0,1.0,1.0,
0,NEW HAVEN,CT,3.142857142857143,9.0,0.8571428571428571,2131.0
1,HARTFORD,CT,2.8333333333333335,8.0,1.0,2323.0
2,FAIRFIELD,CT,2.6666666666666665,8.0,1.0,1976.0
3,MIDDLESEX,CT,3.0,3.0,1.0,275.0
4,TOLLAND,CT,2.5,3.0,1.0,194.0
5,LITCHFIELD,CT,3.0,2.0,1.0,109.0
6,NEW LONDON,CT,3.5,2.0,1.0,493.0
7,WINDHAM,CT,3.5,2.0,1.0,234.0
0,ADA,ID,4.5,5.0,1.0,909.0
1,BINGHAM,ID,2.0,3.0,1.0,25.0
2,CANYON,ID,4.0,3.0,1.0,152.0
3,IDAHO,ID,3.0,2.0,1.0,25.0
4,BONNEVILLE,ID,4.5,2.0,0.5,
5,VALLEY,ID,4.0,2.0,1.0,15.0
6,KOOTENAI,ID,4.0,2.0,1.0,
7,WASHINGTON,ID,4.0,1.0,1.0,
8,BLAINE,ID,5.0,1.0,1.0,25.0
9,JEROME,ID,,1.0,,25.0
10,NEZ PERCE,ID,2.0,1.0,1.0,145.0
11,BOUNDARY,ID,,1.0,,
12,GEM,ID,,1.0,,16.0
13,BENEWAH,ID,4.0,1.0,1.0,
14,BUTTE,ID,,1.0,,
15,CLEARWATER,ID,3.0,1.0,1.0,23.0
16,CARIBOU,ID,,1.0,,
17,TWIN FALLS,ID,5.0,1.0,1.0,226.0
18,POWER,ID,,1.0,,
19,LATAH,ID,4.0,1.0,1.0,25.0
20,LEMHI,ID,,1.0,,
21,BANNOCK,ID,5.0,1.0,1.0,
22,SHOSHONE,ID,4.0,1.0,1.0,
23,MINIDOKA,ID,4.0,1.0,1.0,
24,TETON,ID,,1.0,,13.0
25,FRANKLIN,ID,4.0,1.0,1.0,
26,MADISON,ID,4.0,1.0,1.0,
27,ELMORE,ID,3.0,1.0,1.0,25.0
28,ONEIDA,ID,,1.0,,
29,CASSIA,ID,3.0,1.0,1.0,25.0
30,BONNER,ID,4.0,1.0,1.0,48.0
31,GOODING,ID,5.0,1.0,0.0,18.0
32,BEAR LAKE,ID,,1.0,,
0,GRAFTON,NH,3.8,5.0,1.0,496.0
1,HILLSBOROUGH,NH,3.0,5.0,1.0,1047.0
2,ROCKINGHAM,NH,3.3333333333333335,4.0,1.0,100.0
3,MERRIMACK,NH,3.6666666666666665,4.0,1.0,345.0
4,COOS,NH,3.6666666666666665,3.0,1.0,66.0
5,STRAFFORD,NH,4.0,2.0,1.0,300.0
6,CARROLL,NH,3.5,2.0,1.0,50.0
7,BELKNAP,NH,3.0,1.0,1.0,143.0
8,SULLIVAN,NH,4.0,1.0,1.0,25.0
9,CHESHIRE,NH,3.0,1.0,1.0,169.0
0,ROOSEVELT,MT,,3.0,,67.0
1,FLATHEAD,MT,4.333333333333333,3.0,0.6666666666666666,213.0
2,GALLATIN,MT,4.0,2.0,1.0,90.0
3,CHOUTEAU,MT,,2.0,,8.0
4,GLACIER,MT,,2.0,,20.0
5,DEER LODGE,MT,4.0,2.0,1.0,25.0
6,BIG HORN,MT,,2.0,,25.0
7,MISSOULA,MT,4.5,2.0,1.0,404.0
8,MADISON,MT,,2.0,,16.0
9,YELLOWSTONE,MT,4.5,2.0,1.0,590.0
10,CASCADE,MT,3.5,2.0,1.0,398.0
11,LAKE,MT,3.5,2.0,1.0,47.0
12,LEWIS AND CLARK,MT,2.0,2.0,1.0,99.0
13,BROADWATER,MT,,1.0,,9.0
14,PRAIRIE,MT,,1.0,,
15,SANDERS,MT,3.0,1.0,1.0,16.0
16,MEAGHER,MT,,1.0,,25.0
17,TOOLE,MT,,1.0,,
18,WHEATLAND,MT,,1.0,,25.0
19,SHERIDAN,MT,,1.0,,19.0
20,POWELL,MT,,1.0,,16.0
21,BLAINE,MT,,1.0,,
22,CARBON,MT,,1.0,,10.0
23,LIBERTY,MT,,1.0,,25.0
24,MINERAL,MT,,1.0,,25.0
25,BEAVERHEAD,MT,4.0,1.0,1.0,18.0
26,SILVER BOW,MT,4.0,1.0,1.0,98.0
27,TETON,MT,,1.0,,10.0
28,MUSSELSHELL,MT,,1.0,,25.0
29,CUSTER,MT,4.0,1.0,1.0,25.0
30,MCCONE,MT,,1.0,,25.0
31,FALLON,MT,,1.0,,25.0
32,PHILLIPS,MT,,1.0,,6.0
33,GARFIELD,MT,,1.0,,
34,STILLWATER,MT,,1.0,,10.0
35,DAWSON,MT,,1.0,,25.0
36,DANIELS,MT,,1.0,,24.0
37,GRANITE,MT,,1.0,,
38,HILL,MT,3.0,1.0,1.0,49.0
39,RAVALLI,MT,3.0,1.0,1.0,25.0
40,SWEET GRASS,MT,,1.0,,25.0
41,CARTER,MT,,1.0,,25.0
42,FERGUS,MT,3.0,1.0,1.0,25.0
43,PARK,MT,3.0,1.0,1.0,25.0
44,RICHLAND,MT,4.0,1.0,1.0,25.0
45,LINCOLN,MT,3.0,1.0,1.0,25.0
46,VALLEY,MT,4.0,1.0,1.0,25.0
47,ROSEBUD,MT,,1.0,,24.0
48,PONDERA,MT,,1.0,,20.0
0,CLARK,NV,1.8666666666666667,26.0,1.0,683.0
1,WASHOE,NV,3.75,7.0,1.0,1027.0
2,CARSON CITY,NV,4.0,1.0,1.0,190.0
3,LYON,NV,,1.0,,14.0
4,LANDER,NV,,1.0,,
5,NYE,NV,3.0,1.0,1.0,
6,CHURCHILL,NV,3.0,1.0,1.0,25.0
7,HUMBOLDT,NV,3.0,1.0,1.0,
8,PERSHING,NV,,1.0,,
9,WHITE PINE,NV,,1.0,,
10,LINCOLN,NV,,1.0,,
11,MINERAL,NV,,1.0,,
12,DOUGLAS,NV,3.0,1.0,1.0,15.0
13,ELKO,NV,3.0,1.0,1.0,
0,MINNEHAHA,SD,3.5,5.0,1.0,1083.0
1,PENNINGTON,SD,2.0,3.0,1.0,423.0
2,BROWN,SD,4.0,2.0,1.0,157.0
3,GREGORY,SD,4.0,2.0,1.0,41.0
4,LINCOLN,SD,5.0,2.0,1.0,69.0
5,YANKTON,SD,5.0,2.0,1.0,144.0
6,HUTCHINSON,SD,3.0,2.0,1.0,50.0
7,BON HOMME,SD,,2.0,,50.0
8,CHARLES MIX,SD,,2.0,,37.0
9,LAWRENCE,SD,4.0,2.0,1.0,58.0
10,EDMUNDS,SD,,1.0,,
11,CLAY,SD,,1.0,,25.0
12,CODINGTON,SD,4.0,1.0,1.0,81.0
13,UNION,SD,,1.0,,40.0
14,MOODY,SD,,1.0,,18.0
15,DEUEL,SD,,1.0,,10.0
16,DEWEY,SD,,1.0,,
17,MARSHALL,SD,,1.0,,20.0
18,HUGHES,SD,5.0,1.0,1.0,60.0
19,DAVISON,SD,5.0,1.0,1.0,67.0
20,BEADLE,SD,,1.0,,25.0
21,FALL RIVER,SD,,1.0,,25.0
22,POTTER,SD,,1.0,,10.0
23,TODD,SD,,1.0,,
24,DOUGLAS,SD,,1.0,,11.0
25,HAND,SD,4.0,1.0,1.0,25.0
26,HAAKON,SD,,1.0,,18.0
27,MC PHERSON,SD,,1.0,,6.0
28,JERAULD,SD,,1.0,,16.0
29,TURNER,SD,,1.0,,12.0
30,GRANT,SD,4.0,1.0,1.0,25.0
31,DAY,SD,,1.0,,25.0
32,SPINK,SD,,1.0,,
33,BRULE,SD,,1.0,,25.0
34,BROOKINGS,SD,4.0,1.0,1.0,
35,CUSTER,SD,,1.0,,11.0
36,TRIPP,SD,,1.0,,25.0
37,FAULK,SD,,1.0,,12.0
38,KINGSBURY,SD,,1.0,,6.0
39,BENNETT,SD,,1.0,,14.0
40,LAKE,SD,,1.0,,25.0
41,ROBERTS,SD,,1.0,,25.0
42,WALWORTH,SD,3.0,1.0,1.0,25.0
43,MEADE,SD,4.0,1.0,1.0,25.0
0,NATRONA,WY,2.0,3.0,1.0,217.0
1,SWEETWATER,WY,4.0,2.0,1.0,
2,PARK,WY,3.5,2.0,1.0,25.0
3,BIG HORN,WY,4.0,2.0,1.0,
4,LINCOLN,WY,4.0,2.0,1.0,
5,UINTA,WY,4.0,2.0,1.0,
6,FREMONT,WY,3.0,1.0,1.0,
7,ALBANY,WY,3.0,1.0,1.0,
8,CROOK,WY,,1.0,,
9,CARBON,WY,,1.0,,
10,WESTON,WY,,1.0,,
11,LARAMIE,WY,5.0,1.0,1.0,
12,CONVERSE,WY,4.0,1.0,1.0,
13,TETON,WY,4.0,1.0,1.0,
14,WASHAKIE,WY,3.0,1.0,1.0,25.0
15,SHERIDAN,WY,4.0,1.0,1.0,
16,CAMPBELL,WY,4.0,1.0,1.0,
17,HOT SPRINGS,WY,3.0,1.0,1.0,25.0
18,JOHNSON,WY,,1.0,,
19,PLATTE,WY,3.0,1.0,1.0,25.0
20,NIOBRARA,WY,,1.0,,
21,GOSHEN,WY,3.0,1.0,1.0,25.0
0,GRAND FORKS,ND,2.0,3.0,1.0,334.0
1,CASS,ND,3.0,3.0,1.0,715.0
2,MCINTOSH,ND,,2.0,,44.0
3,TRAILL,ND,,2.0,,41.0
4,WALSH,ND,,2.0,,28.0
5,WILLIAMS,ND,2.0,2.0,1.0,50.0
6,BURLEIGH,ND,3.0,2.0,1.0,510.0
7,MCLEAN,ND,,2.0,,47.0
8,STUTSMAN,ND,4.0,2.0,1.0,25.0
9,ROLETTE,ND,,2.0,,25.0
10,WARD,ND,2.0,2.0,1.0,441.0
11,SIOUX,ND,,1.0,,
12,PIERCE,ND,4.0,1.0,1.0,25.0
13,PEMBINA,ND,3.0,1.0,1.0,20.0
14,BARNES,ND,4.0,1.0,1.0,25.0
15,RANSOM,ND,4.0,1.0,1.0,25.0
16,EMMONS,ND,,1.0,,14.0
17,ADAMS,ND,3.0,1.0,1.0,25.0
18,BOWMAN,ND,,1.0,,23.0
19,RAMSEY,ND,4.0,1.0,1.0,25.0
20,TOWNER,ND,,1.0,,20.0
21,DICKEY,ND,4.0,1.0,1.0,20.0
22,MOUNTRAIL,ND,,1.0,,11.0
23,WELLS,ND,,1.0,,25.0
24,NELSON,ND,,1.0,,19.0
25,FOSTER,ND,4.0,1.0,1.0,25.0
26,BOTTINEAU,ND,,1.0,,25.0
27,MERCER,ND,,1.0,,13.0
28,CAVALIER,ND,,1.0,,20.0
29,GRANT,ND,,1.0,,30.0
30,MCKENZIE,ND,,1.0,,24.0
31,DIVIDE,ND,,1.0,,15.0
32,STARK,ND,4.0,1.0,1.0,25.0
33,GRIGGS,ND,,1.0,,18.0
0,WINDHAM,VT,2.0,3.0,1.0,123.0
1,WINDSOR,VT,3.0,2.0,1.0,50.0
2,WASHINGTON,VT,5.0,2.0,1.0,175.0
3,ORANGE,VT,4.0,1.0,1.0,25.0
4,ORLEANS,VT,3.0,1.0,1.0,25.0
5,CHITTENDEN,VT,3.0,1.0,1.0,615.0
6,FRANKLIN,VT,3.0,1.0,1.0,70.0
7,LAMOILLE,VT,3.0,1.0,1.0,25.0
8,BENNINGTON,VT,4.0,1.0,1.0,180.0
9,ADDISON,VT,4.0,1.0,1.0,25.0
10,RUTLAND,VT,4.0,1.0,1.0,301.0
11,CALEDONIA,VT,3.0,1.0,1.0,25.0
0,HONOLULU,HI,4.0,12.0,1.0,1766.0
1,HAWAII,HI,3.3333333333333335,6.0,1.0,33.0
2,MAUI,HI,4.0,4.0,0.0,239.0
3,KAUAI,HI,4.0,3.0,1.0,71.0
0,ANCHORAGE,AK,3.3333333333333335,6.0,1.0,401.0
1,KENAI PENINSULA,AK,3.5,3.0,1.0,77.0
2,FAIRBANKS NORTH STAR,AK,4.0,2.0,1.0,162.0
3,SITKA BOROUGH,AK,,2.0,,
4,VALDEZ-CORDOVA,AK,,2.0,,15.0
5,PETERSBURG BOROUGH,AK,,1.0,,12.0
6,KODIAK ISLAND BOROUGH,AK,,1.0,,25.0
7,NORTHWEST ARTIC BOROUGH,AK,,1.0,,17.0
8,KETCHIKAN GATEWAY,AK,3.0,1.0,1.0,25.0
9,WRANGELL CITY AND BOROUGH,AK,,1.0,,
10,JUNEAU,AK,4.0,1.0,1.0,
11,MATANUSKA-SUSITNA,AK,3.0,1.0,1.0,74.0
12,NORTH SLOPE BOROUH,AK,,1.0,,
13,BETHEL,AK,3.0,1.0,1.0,
14,DILLINGHAM,AK,,1.0,,
15,NOME,AK,,1.0,,
0,PROVIDENCE,RI,2.8333333333333335,8.0,1.0,1926.0
1,WASHINGTON,RI,4.5,2.0,1.0,216.0
2,KENT,RI,2.0,1.0,1.0,359.0
3,NEWPORT,RI,5.0,1.0,1.0,129.0
0,SAN JUAN,PR,1.0,18.0,1.0,
1,PONCE,PR,2.0,5.0,1.0,
2,BAYAMON,PR,1.0,4.0,1.0,
3,MAYAGUEZ,PR,2.0,3.0,1.0,
4,HUMACAO,PR,,3.0,,
5,CAGUAS,PR,1.0,2.0,1.0,
6,FAJARDO,PR,,2.0,,
7,ARECIBO,PR,,2.0,,
8,MANATI,PR,1.5,2.0,1.0,
9,AIBONITO,PR,,2.0,,
10,SAN GERMAN,PR,,2.0,,
11,AGUADILLA,PR,,1.0,,
12,MOCA,PR,,1.0,,
13,UTUADO,PR,,1.0,,
14,CAROLINA,PR,,1.0,,
15,GUAYANILLA,PR,,1.0,,
16,CAYEY,PR,,1.0,,
17,GUAYNABO,PR,,1.0,,
18,VEGA BAJA,PR,,1.0,,
19,YAUCO,PR,,1.0,,
20,CABO ROJO,PR,,1.0,,
21,LARES,PR,,1.0,,
22,CIDRA,PR,,1.0,,
0,THE DISTRICT,DC,1.8333333333333333,9.0,1.0,2497.0
0,NEW CASTLE,DE,2.0,6.0,1.0,1851.0
1,SUSSEX,DE,3.3333333333333335,4.0,1.0,442.0
2,KENT,DE,2.0,2.0,1.0,304.0
0,SAINT THOMAS ISLAND,VI,2.0,1.0,1.0,
1,SAINT CROIX ISLAND,VI,3.0,1.0,1.0,
